candidate_index,candidate,stylometry_similarity,normalized_edit_distance,lexical_similarity,ranker_score,ranker_score_independent,item_id,user_id,condition,incoming_message,real_reply
0,"I'm sorry if I came across that way, Erin. I didn't mean to upset you; let's try to keep things calm.",0.06728621465717409,0.7486910994764397,0.04,-0.023941179184186295,False,887be59175,56ff263f67,neutral,"From: 	Erin Richardson <erichardson@sarofim.com>@ENRON Sent:	Friday, October 26, 2001 2:33 PM To:	Lenhart, Matthew Subject:	RE:

i was not going nuts.  i was trying to go to sleep and you kept bringing it up.  you're nice, but you have an attitude.  very cocky.

From: Matthew.Lenhart@enron.com [mailto:Matthew.Lenhart@enron.com] Sent: Friday, October 26, 2001 1:42 PM To: erichardson@sarofim.com Subject: RE:

i was being nice.  you kept starting it and then blaming it on me.  you were going nuts.

From:   Erin Richardson <erichardson@sarofim.com>@ENRON Sent:   Friday, October 26, 2001 1:03 PM To",you kept rolling back over and laying into me.  you are the one who said you wished i was dead.  you went crazy.  you were pissed all night.  you were venting on a soap box for about 2 hours.
1,"I was just trying to help you relax, not provoke you. If my tone seemed cocky, I apologize—my intention was supportive.",0.05956140543287522,0.7015706806282722,0.0625,-0.1264663648460622,False,887be59175,56ff263f67,neutral,"From: 	Erin Richardson <erichardson@sarofim.com>@ENRON Sent:	Friday, October 26, 2001 2:33 PM To:	Lenhart, Matthew Subject:	RE:

i was not going nuts.  i was trying to go to sleep and you kept bringing it up.  you're nice, but you have an attitude.  very cocky.

From: Matthew.Lenhart@enron.com [mailto:Matthew.Lenhart@enron.com] Sent: Friday, October 26, 2001 1:42 PM To: erichardson@sarofim.com Subject: RE:

i was being nice.  you kept starting it and then blaming it on me.  you were going nuts.

From:   Erin Richardson <erichardson@sarofim.com>@ENRON Sent:   Friday, October 26, 2001 1:03 PM To",you kept rolling back over and laying into me.  you are the one who said you wished i was dead.  you went crazy.  you were pissed all night.  you were venting on a soap box for about 2 hours.
2,"Hey, I guess we both need a break from the stress. How about we grab coffee and reset?",0.059311086338272326,0.7643979057591623,0.1111111111111111,0.02680638901031625,False,887be59175,56ff263f67,neutral,"From: 	Erin Richardson <erichardson@sarofim.com>@ENRON Sent:	Friday, October 26, 2001 2:33 PM To:	Lenhart, Matthew Subject:	RE:

i was not going nuts.  i was trying to go to sleep and you kept bringing it up.  you're nice, but you have an attitude.  very cocky.

From: Matthew.Lenhart@enron.com [mailto:Matthew.Lenhart@enron.com] Sent: Friday, October 26, 2001 1:42 PM To: erichardson@sarofim.com Subject: RE:

i was being nice.  you kept starting it and then blaming it on me.  you were going nuts.

From:   Erin Richardson <erichardson@sarofim.com>@ENRON Sent:   Friday, October 26, 2001 1:03 PM To",you kept rolling back over and laying into me.  you are the one who said you wished i was dead.  you went crazy.  you were pissed all night.  you were venting on a soap box for about 2 hours.
3,"I understand you feel that way, but I was merely responding to your comments. Let's focus on the work at hand.",0.08288025790589741,0.7225130890052356,0.10416666666666667,0.02266456695941336,False,887be59175,56ff263f67,neutral,"From: 	Erin Richardson <erichardson@sarofim.com>@ENRON Sent:	Friday, October 26, 2001 2:33 PM To:	Lenhart, Matthew Subject:	RE:

i was not going nuts.  i was trying to go to sleep and you kept bringing it up.  you're nice, but you have an attitude.  very cocky.

From: Matthew.Lenhart@enron.com [mailto:Matthew.Lenhart@enron.com] Sent: Friday, October 26, 2001 1:42 PM To: erichardson@sarofim.com Subject: RE:

i was being nice.  you kept starting it and then blaming it on me.  you were going nuts.

From:   Erin Richardson <erichardson@sarofim.com>@ENRON Sent:   Friday, October 26, 2001 1:03 PM To",you kept rolling back over and laying into me.  you are the one who said you wished i was dead.  you went crazy.  you were pissed all night.  you were venting on a soap box for about 2 hours.
4,"Thanks for sharing your feelings, Erin. I'll take this feedback to heart and work on communicating more gently.",0.06902376729840672,0.7539267015706806,0.0625,0.04395548856609982,False,887be59175,56ff263f67,neutral,"From: 	Erin Richardson <erichardson@sarofim.com>@ENRON Sent:	Friday, October 26, 2001 2:33 PM To:	Lenhart, Matthew Subject:	RE:

i was not going nuts.  i was trying to go to sleep and you kept bringing it up.  you're nice, but you have an attitude.  very cocky.

From: Matthew.Lenhart@enron.com [mailto:Matthew.Lenhart@enron.com] Sent: Friday, October 26, 2001 1:42 PM To: erichardson@sarofim.com Subject: RE:

i was being nice.  you kept starting it and then blaming it on me.  you were going nuts.

From:   Erin Richardson <erichardson@sarofim.com>@ENRON Sent:   Friday, October 26, 2001 1:03 PM To",you kept rolling back over and laying into me.  you are the one who said you wished i was dead.  you went crazy.  you were pissed all night.  you were venting on a soap box for about 2 hours.
0,"hey erin, i’m sorry if i came off cocky. i was just trying to help you sleep, not stir things up. let’s drop it and get some rest.",0.072894247163175,0.7225130890052356,0.07017543859649122,1.1352759059030961,False,887be59175,56ff263f67,fewshot,"From: 	Erin Richardson <erichardson@sarofim.com>@ENRON Sent:	Friday, October 26, 2001 2:33 PM To:	Lenhart, Matthew Subject:	RE:

i was not going nuts.  i was trying to go to sleep and you kept bringing it up.  you're nice, but you have an attitude.  very cocky.

From: Matthew.Lenhart@enron.com [mailto:Matthew.Lenhart@enron.com] Sent: Friday, October 26, 2001 1:42 PM To: erichardson@sarofim.com Subject: RE:

i was being nice.  you kept starting it and then blaming it on me.  you were going nuts.

From:   Erin Richardson <erichardson@sarofim.com>@ENRON Sent:   Friday, October 26, 2001 1:03 PM To",you kept rolling back over and laying into me.  you are the one who said you wished i was dead.  you went crazy.  you were pissed all night.  you were venting on a soap box for about 2 hours.
1,"i get that you’re frustrated. i wasn’t trying to blame you, just pointing out the pattern. maybe we can talk tomorrow when we’re both less tired.",0.08317900957376163,0.7486910994764397,0.05454545454545454,1.1531791531361426,False,887be59175,56ff263f67,fewshot,"From: 	Erin Richardson <erichardson@sarofim.com>@ENRON Sent:	Friday, October 26, 2001 2:33 PM To:	Lenhart, Matthew Subject:	RE:

i was not going nuts.  i was trying to go to sleep and you kept bringing it up.  you're nice, but you have an attitude.  very cocky.

From: Matthew.Lenhart@enron.com [mailto:Matthew.Lenhart@enron.com] Sent: Friday, October 26, 2001 1:42 PM To: erichardson@sarofim.com Subject: RE:

i was being nice.  you kept starting it and then blaming it on me.  you were going nuts.

From:   Erin Richardson <erichardson@sarofim.com>@ENRON Sent:   Friday, October 26, 2001 1:03 PM To",you kept rolling back over and laying into me.  you are the one who said you wished i was dead.  you went crazy.  you were pissed all night.  you were venting on a soap box for about 2 hours.
2,"look, i’m not trying to be an attitude. if i seemed that way, it’s unintentional. i value our chats and don’t want to ruin them over a misunderstanding.",0.07470031142582825,0.7329842931937173,0.07017543859649122,1.1531791531361426,False,887be59175,56ff263f67,fewshot,"From: 	Erin Richardson <erichardson@sarofim.com>@ENRON Sent:	Friday, October 26, 2001 2:33 PM To:	Lenhart, Matthew Subject:	RE:

i was not going nuts.  i was trying to go to sleep and you kept bringing it up.  you're nice, but you have an attitude.  very cocky.

From: Matthew.Lenhart@enron.com [mailto:Matthew.Lenhart@enron.com] Sent: Friday, October 26, 2001 1:42 PM To: erichardson@sarofim.com Subject: RE:

i was being nice.  you kept starting it and then blaming it on me.  you were going nuts.

From:   Erin Richardson <erichardson@sarofim.com>@ENRON Sent:   Friday, October 26, 2001 1:03 PM To",you kept rolling back over and laying into me.  you are the one who said you wished i was dead.  you went crazy.  you were pissed all night.  you were venting on a soap box for about 2 hours.
3,"i hear you. i’ll back off and let you get to sleep. if you want to continue later, just ping me. good night.",0.08263624184586735,0.6963350785340314,0.1276595744680851,1.1839680028594224,False,887be59175,56ff263f67,fewshot,"From: 	Erin Richardson <erichardson@sarofim.com>@ENRON Sent:	Friday, October 26, 2001 2:33 PM To:	Lenhart, Matthew Subject:	RE:

i was not going nuts.  i was trying to go to sleep and you kept bringing it up.  you're nice, but you have an attitude.  very cocky.

From: Matthew.Lenhart@enron.com [mailto:Matthew.Lenhart@enron.com] Sent: Friday, October 26, 2001 1:42 PM To: erichardson@sarofim.com Subject: RE:

i was being nice.  you kept starting it and then blaming it on me.  you were going nuts.

From:   Erin Richardson <erichardson@sarofim.com>@ENRON Sent:   Friday, October 26, 2001 1:03 PM To",you kept rolling back over and laying into me.  you are the one who said you wished i was dead.  you went crazy.  you were pissed all night.  you were venting on a soap box for about 2 hours.
4,my bad if i seemed cocky. i was just being honest about what i saw. let’s call it a night and revisit this with fresh minds tomorrow.,0.0835149951781765,0.7068062827225131,0.11320754716981132,1.1350577214036073,False,887be59175,56ff263f67,fewshot,"From: 	Erin Richardson <erichardson@sarofim.com>@ENRON Sent:	Friday, October 26, 2001 2:33 PM To:	Lenhart, Matthew Subject:	RE:

i was not going nuts.  i was trying to go to sleep and you kept bringing it up.  you're nice, but you have an attitude.  very cocky.

From: Matthew.Lenhart@enron.com [mailto:Matthew.Lenhart@enron.com] Sent: Friday, October 26, 2001 1:42 PM To: erichardson@sarofim.com Subject: RE:

i was being nice.  you kept starting it and then blaming it on me.  you were going nuts.

From:   Erin Richardson <erichardson@sarofim.com>@ENRON Sent:   Friday, October 26, 2001 1:03 PM To",you kept rolling back over and laying into me.  you are the one who said you wished i was dead.  you went crazy.  you were pissed all night.  you were venting on a soap box for about 2 hours.
0,i’m sorry if i seemed pushy; just wanted us aligned.,0.03329308724566538,0.8272251308900523,0.023809523809523808,1.1352759059030961,False,887be59175,56ff263f67,instruction,"From: 	Erin Richardson <erichardson@sarofim.com>@ENRON Sent:	Friday, October 26, 2001 2:33 PM To:	Lenhart, Matthew Subject:	RE:

i was not going nuts.  i was trying to go to sleep and you kept bringing it up.  you're nice, but you have an attitude.  very cocky.

From: Matthew.Lenhart@enron.com [mailto:Matthew.Lenhart@enron.com] Sent: Friday, October 26, 2001 1:42 PM To: erichardson@sarofim.com Subject: RE:

i was being nice.  you kept starting it and then blaming it on me.  you were going nuts.

From:   Erin Richardson <erichardson@sarofim.com>@ENRON Sent:   Friday, October 26, 2001 1:03 PM To",you kept rolling back over and laying into me.  you are the one who said you wished i was dead.  you went crazy.  you were pissed all night.  you were venting on a soap box for about 2 hours.
1,i hear you; what felt cocky to you?,0.03884627176451912,0.8691099476439791,0.05263157894736842,1.0627451273542061,False,887be59175,56ff263f67,instruction,"From: 	Erin Richardson <erichardson@sarofim.com>@ENRON Sent:	Friday, October 26, 2001 2:33 PM To:	Lenhart, Matthew Subject:	RE:

i was not going nuts.  i was trying to go to sleep and you kept bringing it up.  you're nice, but you have an attitude.  very cocky.

From: Matthew.Lenhart@enron.com [mailto:Matthew.Lenhart@enron.com] Sent: Friday, October 26, 2001 1:42 PM To: erichardson@sarofim.com Subject: RE:

i was being nice.  you kept starting it and then blaming it on me.  you were going nuts.

From:   Erin Richardson <erichardson@sarofim.com>@ENRON Sent:   Friday, October 26, 2001 1:03 PM To",you kept rolling back over and laying into me.  you are the one who said you wished i was dead.  you went crazy.  you were pissed all night.  you were venting on a soap box for about 2 hours.
2,"my goal was to help, not annoy.",0.03273534742911841,0.8795811518324608,0.02564102564102564,1.1037275626995802,False,887be59175,56ff263f67,instruction,"From: 	Erin Richardson <erichardson@sarofim.com>@ENRON Sent:	Friday, October 26, 2001 2:33 PM To:	Lenhart, Matthew Subject:	RE:

i was not going nuts.  i was trying to go to sleep and you kept bringing it up.  you're nice, but you have an attitude.  very cocky.

From: Matthew.Lenhart@enron.com [mailto:Matthew.Lenhart@enron.com] Sent: Friday, October 26, 2001 1:42 PM To: erichardson@sarofim.com Subject: RE:

i was being nice.  you kept starting it and then blaming it on me.  you were going nuts.

From:   Erin Richardson <erichardson@sarofim.com>@ENRON Sent:   Friday, October 26, 2001 1:03 PM To",you kept rolling back over and laying into me.  you are the one who said you wished i was dead.  you went crazy.  you were pissed all night.  you were venting on a soap box for about 2 hours.
3,i respect your need for sleep; sorry for interrupting.,0.04176497010325716,0.806282722513089,0.05128205128205128,1.0082697633680646,False,887be59175,56ff263f67,instruction,"From: 	Erin Richardson <erichardson@sarofim.com>@ENRON Sent:	Friday, October 26, 2001 2:33 PM To:	Lenhart, Matthew Subject:	RE:

i was not going nuts.  i was trying to go to sleep and you kept bringing it up.  you're nice, but you have an attitude.  very cocky.

From: Matthew.Lenhart@enron.com [mailto:Matthew.Lenhart@enron.com] Sent: Friday, October 26, 2001 1:42 PM To: erichardson@sarofim.com Subject: RE:

i was being nice.  you kept starting it and then blaming it on me.  you were going nuts.

From:   Erin Richardson <erichardson@sarofim.com>@ENRON Sent:   Friday, October 26, 2001 1:03 PM To",you kept rolling back over and laying into me.  you are the one who said you wished i was dead.  you went crazy.  you were pissed all night.  you were venting on a soap box for about 2 hours.
4,could you point out what sounded like attitude?,0.05315151968322765,0.8272251308900523,0.025,1.118116892777363,False,887be59175,56ff263f67,instruction,"From: 	Erin Richardson <erichardson@sarofim.com>@ENRON Sent:	Friday, October 26, 2001 2:33 PM To:	Lenhart, Matthew Subject:	RE:

i was not going nuts.  i was trying to go to sleep and you kept bringing it up.  you're nice, but you have an attitude.  very cocky.

From: Matthew.Lenhart@enron.com [mailto:Matthew.Lenhart@enron.com] Sent: Friday, October 26, 2001 1:42 PM To: erichardson@sarofim.com Subject: RE:

i was being nice.  you kept starting it and then blaming it on me.  you were going nuts.

From:   Erin Richardson <erichardson@sarofim.com>@ENRON Sent:   Friday, October 26, 2001 1:03 PM To",you kept rolling back over and laying into me.  you are the one who said you wished i was dead.  you went crazy.  you were pissed all night.  you were venting on a soap box for about 2 hours.
0,"I went to East High in Denver. Working at Enron is challenging but rewarding, and I haven't met John Franklin or Sonya yet. I agree, north Houston feels pretty quiet compared to the city center.",0.08373748701069271,0.7004405286343612,0.17857142857142858,-0.2555251024578438,False,a7c0b4f463,56ff263f67,neutral,"From: 	ccates@mail.lbjs.com@ENRON [mailto:IMCEANOTES-ccates+40mail+2Elbjs+2Ecom+40ENRON@ENRON.com]  On Behalf Of Cori Cates <ccates@mail.lbjs.com> Sent:	Thursday, May 31, 2001 12:29 PM To:	Lenhart, Matthew Subject:	RE:

i dont hate it.  i'm just tired of it. what school in denver?  do you like working @ enron? do you know a john franklin or sonya there?

i went to high school in denver.  i have only lived here for 2 years. no wonder you hate houston.  there is nothing up in north houston.

From: 	ccates@mail.lbjs.com@ENRON [mailto:IMCEANOTES- ccates+40mail+2Elbjs+2Ecom+40ENRON@ENRON.com]  On B",i went to denver east.  have you heard of it?  i haven't heard of your friends that work here.  i like working here.  it is pretty exciting on the trading floor.  are you guys going out tomorrow night after the rehersal dinner.
1,"Hey Cori, I attended West High in Denver. I like the pace at Enron, though the hours can be long. No luck with John Franklin or Sonya—maybe they're in a different division. Yeah, north Houston does lack the vibe of downtown.",0.08586895521288494,0.7533039647577092,0.07462686567164178,-0.22019702225614327,False,a7c0b4f463,56ff263f67,neutral,"From: 	ccates@mail.lbjs.com@ENRON [mailto:IMCEANOTES-ccates+40mail+2Elbjs+2Ecom+40ENRON@ENRON.com]  On Behalf Of Cori Cates <ccates@mail.lbjs.com> Sent:	Thursday, May 31, 2001 12:29 PM To:	Lenhart, Matthew Subject:	RE:

i dont hate it.  i'm just tired of it. what school in denver?  do you like working @ enron? do you know a john franklin or sonya there?

i went to high school in denver.  i have only lived here for 2 years. no wonder you hate houston.  there is nothing up in north houston.

From: 	ccates@mail.lbjs.com@ENRON [mailto:IMCEANOTES- ccates+40mail+2Elbjs+2Ecom+40ENRON@ENRON.com]  On B",i went to denver east.  have you heard of it?  i haven't heard of your friends that work here.  i like working here.  it is pretty exciting on the trading floor.  are you guys going out tomorrow night after the rehersal dinner.
2,"Denver school: South High. Enron's okay, I'm learning a lot. Don't know those two names. You're right, north Houston is pretty sleepy.",0.06142471092158007,0.7224669603524229,0.05660377358490566,0.05071820380777581,False,a7c0b4f463,56ff263f67,neutral,"From: 	ccates@mail.lbjs.com@ENRON [mailto:IMCEANOTES-ccates+40mail+2Elbjs+2Ecom+40ENRON@ENRON.com]  On Behalf Of Cori Cates <ccates@mail.lbjs.com> Sent:	Thursday, May 31, 2001 12:29 PM To:	Lenhart, Matthew Subject:	RE:

i dont hate it.  i'm just tired of it. what school in denver?  do you like working @ enron? do you know a john franklin or sonya there?

i went to high school in denver.  i have only lived here for 2 years. no wonder you hate houston.  there is nothing up in north houston.

From: 	ccates@mail.lbjs.com@ENRON [mailto:IMCEANOTES- ccates+40mail+2Elbjs+2Ecom+40ENRON@ENRON.com]  On B",i went to denver east.  have you heard of it?  i haven't heard of your friends that work here.  i like working here.  it is pretty exciting on the trading floor.  are you guys going out tomorrow night after the rehersal dinner.
3,"I graduated from North Denver High. Working at Enron is interesting, lots of projects. I haven't crossed paths with John Franklin or Sonya. Houston's north side could use more attractions, for sure.",0.07341428218729486,0.7444933920704846,0.10344827586206896,-0.009245188146464257,False,a7c0b4f463,56ff263f67,neutral,"From: 	ccates@mail.lbjs.com@ENRON [mailto:IMCEANOTES-ccates+40mail+2Elbjs+2Ecom+40ENRON@ENRON.com]  On Behalf Of Cori Cates <ccates@mail.lbjs.com> Sent:	Thursday, May 31, 2001 12:29 PM To:	Lenhart, Matthew Subject:	RE:

i dont hate it.  i'm just tired of it. what school in denver?  do you like working @ enron? do you know a john franklin or sonya there?

i went to high school in denver.  i have only lived here for 2 years. no wonder you hate houston.  there is nothing up in north houston.

From: 	ccates@mail.lbjs.com@ENRON [mailto:IMCEANOTES- ccates+40mail+2Elbjs+2Ecom+40ENRON@ENRON.com]  On B",i went to denver east.  have you heard of it?  i haven't heard of your friends that work here.  i like working here.  it is pretty exciting on the trading floor.  are you guys going out tomorrow night after the rehersal dinner.
4,"I went to Denver's Central High. Enron's culture is collaborative, I enjoy it. No acquaintance with John Franklin or Sonya. I feel you—north Houston does seem a bit empty compared to the inner loop.",0.07029064835248007,0.7136563876651982,0.11864406779661017,-0.1311589992027614,False,a7c0b4f463,56ff263f67,neutral,"From: 	ccates@mail.lbjs.com@ENRON [mailto:IMCEANOTES-ccates+40mail+2Elbjs+2Ecom+40ENRON@ENRON.com]  On Behalf Of Cori Cates <ccates@mail.lbjs.com> Sent:	Thursday, May 31, 2001 12:29 PM To:	Lenhart, Matthew Subject:	RE:

i dont hate it.  i'm just tired of it. what school in denver?  do you like working @ enron? do you know a john franklin or sonya there?

i went to high school in denver.  i have only lived here for 2 years. no wonder you hate houston.  there is nothing up in north houston.

From: 	ccates@mail.lbjs.com@ENRON [mailto:IMCEANOTES- ccates+40mail+2Elbjs+2Ecom+40ENRON@ENRON.com]  On B",i went to denver east.  have you heard of it?  i haven't heard of your friends that work here.  i like working here.  it is pretty exciting on the trading floor.  are you guys going out tomorrow night after the rehersal dinner.
0,"hey cori, i went to east high in denver. i like enron okay, it's busy. i don't know john franklin or sonya, but i'll ask around. houston's not my favorite either, north side is pretty quiet.",0.07359120292524095,0.7400881057268722,0.13333333333333333,1.0796859559804501,False,a7c0b4f463,56ff263f67,fewshot,"From: 	ccates@mail.lbjs.com@ENRON [mailto:IMCEANOTES-ccates+40mail+2Elbjs+2Ecom+40ENRON@ENRON.com]  On Behalf Of Cori Cates <ccates@mail.lbjs.com> Sent:	Thursday, May 31, 2001 12:29 PM To:	Lenhart, Matthew Subject:	RE:

i dont hate it.  i'm just tired of it. what school in denver?  do you like working @ enron? do you know a john franklin or sonya there?

i went to high school in denver.  i have only lived here for 2 years. no wonder you hate houston.  there is nothing up in north houston.

From: 	ccates@mail.lbjs.com@ENRON [mailto:IMCEANOTES- ccates+40mail+2Elbjs+2Ecom+40ENRON@ENRON.com]  On B",i went to denver east.  have you heard of it?  i haven't heard of your friends that work here.  i like working here.  it is pretty exciting on the trading floor.  are you guys going out tomorrow night after the rehersal dinner.
1,"i went to denver west high. working at enron is alright, lots of projects. never heard of john franklin or sonya. yeah houston feels flat, nothing much up north.",0.06779949359763957,0.6916299559471366,0.14814814814814814,1.1352759059030961,False,a7c0b4f463,56ff263f67,fewshot,"From: 	ccates@mail.lbjs.com@ENRON [mailto:IMCEANOTES-ccates+40mail+2Elbjs+2Ecom+40ENRON@ENRON.com]  On Behalf Of Cori Cates <ccates@mail.lbjs.com> Sent:	Thursday, May 31, 2001 12:29 PM To:	Lenhart, Matthew Subject:	RE:

i dont hate it.  i'm just tired of it. what school in denver?  do you like working @ enron? do you know a john franklin or sonya there?

i went to high school in denver.  i have only lived here for 2 years. no wonder you hate houston.  there is nothing up in north houston.

From: 	ccates@mail.lbjs.com@ENRON [mailto:IMCEANOTES- ccates+40mail+2Elbjs+2Ecom+40ENRON@ENRON.com]  On B",i went to denver east.  have you heard of it?  i haven't heard of your friends that work here.  i like working here.  it is pretty exciting on the trading floor.  are you guys going out tomorrow night after the rehersal dinner.
2,"denver north high for me. enron's fine, just the usual grind. i don't recall those names. houston's heat gets me, north houston is kinda boring.",0.06877306642458511,0.7268722466960352,0.07547169811320754,1.2018712500924689,False,a7c0b4f463,56ff263f67,fewshot,"From: 	ccates@mail.lbjs.com@ENRON [mailto:IMCEANOTES-ccates+40mail+2Elbjs+2Ecom+40ENRON@ENRON.com]  On Behalf Of Cori Cates <ccates@mail.lbjs.com> Sent:	Thursday, May 31, 2001 12:29 PM To:	Lenhart, Matthew Subject:	RE:

i dont hate it.  i'm just tired of it. what school in denver?  do you like working @ enron? do you know a john franklin or sonya there?

i went to high school in denver.  i have only lived here for 2 years. no wonder you hate houston.  there is nothing up in north houston.

From: 	ccates@mail.lbjs.com@ENRON [mailto:IMCEANOTES- ccates+40mail+2Elbjs+2Ecom+40ENRON@ENRON.com]  On B",i went to denver east.  have you heard of it?  i haven't heard of your friends that work here.  i like working here.  it is pretty exciting on the trading floor.  are you guys going out tomorrow night after the rehersal dinner.
3,"i attended denver south high. i enjoy the challenges at enron. i haven't met john franklin or sonya. houston's traffic is terrible, north side lacks things to do.",0.07129841548685296,0.7180616740088106,0.1111111111111111,1.1839680028594224,False,a7c0b4f463,56ff263f67,fewshot,"From: 	ccates@mail.lbjs.com@ENRON [mailto:IMCEANOTES-ccates+40mail+2Elbjs+2Ecom+40ENRON@ENRON.com]  On Behalf Of Cori Cates <ccates@mail.lbjs.com> Sent:	Thursday, May 31, 2001 12:29 PM To:	Lenhart, Matthew Subject:	RE:

i dont hate it.  i'm just tired of it. what school in denver?  do you like working @ enron? do you know a john franklin or sonya there?

i went to high school in denver.  i have only lived here for 2 years. no wonder you hate houston.  there is nothing up in north houston.

From: 	ccates@mail.lbjs.com@ENRON [mailto:IMCEANOTES- ccates+40mail+2Elbjs+2Ecom+40ENRON@ENRON.com]  On B",i went to denver east.  have you heard of it?  i haven't heard of your friends that work here.  i like working here.  it is pretty exciting on the trading floor.  are you guys going out tomorrow night after the rehersal dinner.
4,"i went to denver central high. enron's okay, i'm learning a lot. no john franklin or sonya in my circle. houston's not great, north houston feels empty.",0.056341465713263386,0.6872246696035242,0.07017543859649122,1.2018712500924689,False,a7c0b4f463,56ff263f67,fewshot,"From: 	ccates@mail.lbjs.com@ENRON [mailto:IMCEANOTES-ccates+40mail+2Elbjs+2Ecom+40ENRON@ENRON.com]  On Behalf Of Cori Cates <ccates@mail.lbjs.com> Sent:	Thursday, May 31, 2001 12:29 PM To:	Lenhart, Matthew Subject:	RE:

i dont hate it.  i'm just tired of it. what school in denver?  do you like working @ enron? do you know a john franklin or sonya there?

i went to high school in denver.  i have only lived here for 2 years. no wonder you hate houston.  there is nothing up in north houston.

From: 	ccates@mail.lbjs.com@ENRON [mailto:IMCEANOTES- ccates+40mail+2Elbjs+2Ecom+40ENRON@ENRON.com]  On B",i went to denver east.  have you heard of it?  i haven't heard of your friends that work here.  i like working here.  it is pretty exciting on the trading floor.  are you guys going out tomorrow night after the rehersal dinner.
0,"i went to west high in denver. i enjoy enron, though it's busy. i don't know john or sonya.",0.0552916530792047,0.7444933920704846,0.0851063829787234,1.2018712500924689,False,a7c0b4f463,56ff263f67,instruction,"From: 	ccates@mail.lbjs.com@ENRON [mailto:IMCEANOTES-ccates+40mail+2Elbjs+2Ecom+40ENRON@ENRON.com]  On Behalf Of Cori Cates <ccates@mail.lbjs.com> Sent:	Thursday, May 31, 2001 12:29 PM To:	Lenhart, Matthew Subject:	RE:

i dont hate it.  i'm just tired of it. what school in denver?  do you like working @ enron? do you know a john franklin or sonya there?

i went to high school in denver.  i have only lived here for 2 years. no wonder you hate houston.  there is nothing up in north houston.

From: 	ccates@mail.lbjs.com@ENRON [mailto:IMCEANOTES- ccates+40mail+2Elbjs+2Ecom+40ENRON@ENRON.com]  On B",i went to denver east.  have you heard of it?  i haven't heard of your friends that work here.  i like working here.  it is pretty exciting on the trading floor.  are you guys going out tomorrow night after the rehersal dinner.
1,my denver school was east high. i like enron's culture. never met john franklin or sonya.,0.048048689389669975,0.7577092511013216,0.08695652173913043,1.021532304495688,False,a7c0b4f463,56ff263f67,instruction,"From: 	ccates@mail.lbjs.com@ENRON [mailto:IMCEANOTES-ccates+40mail+2Elbjs+2Ecom+40ENRON@ENRON.com]  On Behalf Of Cori Cates <ccates@mail.lbjs.com> Sent:	Thursday, May 31, 2001 12:29 PM To:	Lenhart, Matthew Subject:	RE:

i dont hate it.  i'm just tired of it. what school in denver?  do you like working @ enron? do you know a john franklin or sonya there?

i went to high school in denver.  i have only lived here for 2 years. no wonder you hate houston.  there is nothing up in north houston.

From: 	ccates@mail.lbjs.com@ENRON [mailto:IMCEANOTES- ccates+40mail+2Elbjs+2Ecom+40ENRON@ENRON.com]  On B",i went to denver east.  have you heard of it?  i haven't heard of your friends that work here.  i like working here.  it is pretty exciting on the trading floor.  are you guys going out tomorrow night after the rehersal dinner.
2,i attended north denver high. working at enron is fine. i haven't heard of john or sonya.,0.061168675593563905,0.7577092511013216,0.16279069767441862,1.0833653008274782,False,a7c0b4f463,56ff263f67,instruction,"From: 	ccates@mail.lbjs.com@ENRON [mailto:IMCEANOTES-ccates+40mail+2Elbjs+2Ecom+40ENRON@ENRON.com]  On Behalf Of Cori Cates <ccates@mail.lbjs.com> Sent:	Thursday, May 31, 2001 12:29 PM To:	Lenhart, Matthew Subject:	RE:

i dont hate it.  i'm just tired of it. what school in denver?  do you like working @ enron? do you know a john franklin or sonya there?

i went to high school in denver.  i have only lived here for 2 years. no wonder you hate houston.  there is nothing up in north houston.

From: 	ccates@mail.lbjs.com@ENRON [mailto:IMCEANOTES- ccates+40mail+2Elbjs+2Ecom+40ENRON@ENRON.com]  On B",i went to denver east.  have you heard of it?  i haven't heard of your friends that work here.  i like working here.  it is pretty exciting on the trading floor.  are you guys going out tomorrow night after the rehersal dinner.
3,denver school was south high. enron work is okay. no contact with john franklin or sonya.,0.04828122171759841,0.7533039647577092,0.06382978723404255,1.1400382537606786,False,a7c0b4f463,56ff263f67,instruction,"From: 	ccates@mail.lbjs.com@ENRON [mailto:IMCEANOTES-ccates+40mail+2Elbjs+2Ecom+40ENRON@ENRON.com]  On Behalf Of Cori Cates <ccates@mail.lbjs.com> Sent:	Thursday, May 31, 2001 12:29 PM To:	Lenhart, Matthew Subject:	RE:

i dont hate it.  i'm just tired of it. what school in denver?  do you like working @ enron? do you know a john franklin or sonya there?

i went to high school in denver.  i have only lived here for 2 years. no wonder you hate houston.  there is nothing up in north houston.

From: 	ccates@mail.lbjs.com@ENRON [mailto:IMCEANOTES- ccates+40mail+2Elbjs+2Ecom+40ENRON@ENRON.com]  On B",i went to denver east.  have you heard of it?  i haven't heard of your friends that work here.  i like working here.  it is pretty exciting on the trading floor.  are you guys going out tomorrow night after the rehersal dinner.
4,i went to denver's west campus. i like enron. i don't know john franklin or sonya.,0.05560750501972779,0.7444933920704846,0.09090909090909091,1.1400382537606786,False,a7c0b4f463,56ff263f67,instruction,"From: 	ccates@mail.lbjs.com@ENRON [mailto:IMCEANOTES-ccates+40mail+2Elbjs+2Ecom+40ENRON@ENRON.com]  On Behalf Of Cori Cates <ccates@mail.lbjs.com> Sent:	Thursday, May 31, 2001 12:29 PM To:	Lenhart, Matthew Subject:	RE:

i dont hate it.  i'm just tired of it. what school in denver?  do you like working @ enron? do you know a john franklin or sonya there?

i went to high school in denver.  i have only lived here for 2 years. no wonder you hate houston.  there is nothing up in north houston.

From: 	ccates@mail.lbjs.com@ENRON [mailto:IMCEANOTES- ccates+40mail+2Elbjs+2Ecom+40ENRON@ENRON.com]  On B",i went to denver east.  have you heard of it?  i haven't heard of your friends that work here.  i like working here.  it is pretty exciting on the trading floor.  are you guys going out tomorrow night after the rehersal dinner.
0,"Thanks for letting me know, Kam. I'll review the corrected billing and get back if I have questions.",0.10001857553549945,0.84,0.13043478260869565,-0.0922454485600387,False,ba740b73b3,2363de00ed,neutral,"From: 	Keiser, Kam Sent:	Tuesday, November 20, 2001 8:29 AM To:	Ward, Kim S (Houston) Subject:	LADWAP

Kim,

Settlements found the problem they had with billing LADWAP and has corrected it.

Please let me know if you have any more questions.

Thanks

Kam x3-5781","Kam,

Thanks so much for your help!

Kim"
1,Appreciate the update. Please keep me informed of any further changes.,0.07885902723272271,0.7714285714285715,0.0,-0.24266726695829513,False,ba740b73b3,2363de00ed,neutral,"From: 	Keiser, Kam Sent:	Tuesday, November 20, 2001 8:29 AM To:	Ward, Kim S (Houston) Subject:	LADWAP

Kim,

Settlements found the problem they had with billing LADWAP and has corrected it.

Please let me know if you have any more questions.

Thanks

Kam x3-5781","Kam,

Thanks so much for your help!

Kim"
2,"Got it, thanks. Let me know if you need anything from my side.",0.10169143064826892,0.7419354838709677,0.05,-0.13291110951026638,False,ba740b73b3,2363de00ed,neutral,"From: 	Keiser, Kam Sent:	Tuesday, November 20, 2001 8:29 AM To:	Ward, Kim S (Houston) Subject:	LADWAP

Kim,

Settlements found the problem they had with billing LADWAP and has corrected it.

Please let me know if you have any more questions.

Thanks

Kam x3-5781","Kam,

Thanks so much for your help!

Kim"
3,"Thanks, Kam. I'll check the updated records and confirm everything looks good.",0.07328239769116611,0.7948717948717948,0.1111111111111111,-0.1665708114676069,False,ba740b73b3,2363de00ed,neutral,"From: 	Keiser, Kam Sent:	Tuesday, November 20, 2001 8:29 AM To:	Ward, Kim S (Houston) Subject:	LADWAP

Kim,

Settlements found the problem they had with billing LADWAP and has corrected it.

Please let me know if you have any more questions.

Thanks

Kam x3-5781","Kam,

Thanks so much for your help!

Kim"
4,Thanks for the heads‑up. Feel free to reach out if anything else arises.,0.08604881634457069,0.7777777777777778,0.1,-0.2090075650009546,False,ba740b73b3,2363de00ed,neutral,"From: 	Keiser, Kam Sent:	Tuesday, November 20, 2001 8:29 AM To:	Ward, Kim S (Houston) Subject:	LADWAP

Kim,

Settlements found the problem they had with billing LADWAP and has corrected it.

Please let me know if you have any more questions.

Thanks

Kam x3-5781","Kam,

Thanks so much for your help!

Kim"
0,"Kam,

Thank you for letting me know. Please keep me informed if any further issues arise.

Thanks,

Kim Ward
Manager, West Gas Origination",0.11449547297056631,0.782608695652174,0.15384615384615385,-0.0869495179853968,False,ba740b73b3,2363de00ed,fewshot,"From: 	Keiser, Kam Sent:	Tuesday, November 20, 2001 8:29 AM To:	Ward, Kim S (Houston) Subject:	LADWAP

Kim,

Settlements found the problem they had with billing LADWAP and has corrected it.

Please let me know if you have any more questions.

Thanks

Kam x3-5781","Kam,

Thanks so much for your help!

Kim"
1,"Kam,

Got it, thanks.

Kim",0.03864742329432755,0.65,0.3,-0.16388328139914013,False,ba740b73b3,2363de00ed,fewshot,"From: 	Keiser, Kam Sent:	Tuesday, November 20, 2001 8:29 AM To:	Ward, Kim S (Houston) Subject:	LADWAP

Kim,

Settlements found the problem they had with billing LADWAP and has corrected it.

Please let me know if you have any more questions.

Thanks

Kam x3-5781","Kam,

Thanks so much for your help!

Kim"
2,"Hey Kam,

Appreciate the heads‑up on the LADWAP fix. Let me know if you need anything from my side.

Thanks,

Kim",0.10150327679640042,0.7699115044247787,0.11538461538461539,-0.1078983530384127,False,ba740b73b3,2363de00ed,fewshot,"From: 	Keiser, Kam Sent:	Tuesday, November 20, 2001 8:29 AM To:	Ward, Kim S (Houston) Subject:	LADWAP

Kim,

Settlements found the problem they had with billing LADWAP and has corrected it.

Please let me know if you have any more questions.

Thanks

Kam x3-5781","Kam,

Thanks so much for your help!

Kim"
3,"Thanks, Kam.

Kim",0.03458017251611697,0.7,0.375,-0.6081971981075474,False,ba740b73b3,2363de00ed,fewshot,"From: 	Keiser, Kam Sent:	Tuesday, November 20, 2001 8:29 AM To:	Ward, Kim S (Houston) Subject:	LADWAP

Kim,

Settlements found the problem they had with billing LADWAP and has corrected it.

Please let me know if you have any more questions.

Thanks

Kam x3-5781","Kam,

Thanks so much for your help!

Kim"
4,"Kam,

Glad to hear it’s resolved. Do you need any documentation from settlements for our records?

Thanks,

Kim Ward
Manager, West Gas Origination",0.09943842560598186,0.7945205479452054,0.14285714285714285,-0.06663934520912239,False,ba740b73b3,2363de00ed,fewshot,"From: 	Keiser, Kam Sent:	Tuesday, November 20, 2001 8:29 AM To:	Ward, Kim S (Houston) Subject:	LADWAP

Kim,

Settlements found the problem they had with billing LADWAP and has corrected it.

Please let me know if you have any more questions.

Thanks

Kam x3-5781","Kam,

Thanks so much for your help!

Kim"
0,thanks for the update kam! i appreciate the fix on ladwap billing. could you share the revised report or any docs? let me know if you need anything else from my side!,0.12482553827272183,0.8554216867469879,0.08823529411764706,1.0919254052286407,False,ba740b73b3,2363de00ed,instruction,"From: 	Keiser, Kam Sent:	Tuesday, November 20, 2001 8:29 AM To:	Ward, Kim S (Houston) Subject:	LADWAP

Kim,

Settlements found the problem they had with billing LADWAP and has corrected it.

Please let me know if you have any more questions.

Thanks

Kam x3-5781","Kam,

Thanks so much for your help!

Kim"
1,"Hi Kam,

Glad to hear the ladwap issue is resolved. Please send over the corrected billing file when you can. Let me know if there are any further steps needed!",0.12268410363070564,0.83125,0.027777777777777776,-0.13840327698480823,False,ba740b73b3,2363de00ed,instruction,"From: 	Keiser, Kam Sent:	Tuesday, November 20, 2001 8:29 AM To:	Ward, Kim S (Houston) Subject:	LADWAP

Kim,

Settlements found the problem they had with billing LADWAP and has corrected it.

Please let me know if you have any more questions.

Thanks

Kam x3-5781","Kam,

Thanks so much for your help!

Kim"
2,"thanks kam! the ladwap correction sounds great. could you confirm the effective date of the fix? also, any impact on upcoming invoices? let me know!",0.10108584553638605,0.8378378378378378,0.06896551724137931,0.7989854352596333,False,ba740b73b3,2363de00ed,instruction,"From: 	Keiser, Kam Sent:	Tuesday, November 20, 2001 8:29 AM To:	Ward, Kim S (Houston) Subject:	LADWAP

Kim,

Settlements found the problem they had with billing LADWAP and has corrected it.

Please let me know if you have any more questions.

Thanks

Kam x3-5781","Kam,

Thanks so much for your help!

Kim"
3,"Hey Kam,

Thanks for letting me know about the ladwap billing fix. Please forward the updated settlement details when possible. Feel free to reach out if you need any assistance!",0.1222202866499813,0.8370786516853933,0.08823529411764706,-0.14655794998593255,False,ba740b73b3,2363de00ed,instruction,"From: 	Keiser, Kam Sent:	Tuesday, November 20, 2001 8:29 AM To:	Ward, Kim S (Houston) Subject:	LADWAP

Kim,

Settlements found the problem they had with billing LADWAP and has corrected it.

Please let me know if you have any more questions.

Thanks

Kam x3-5781","Kam,

Thanks so much for your help!

Kim"
4,"""thanks for the heads‑up, kam! ladwap billing is now sorted — awesome work. could you attach the corrected statements?",0.0868688475495097,0.8220338983050848,0.13043478260869565,-0.4366874788011188,False,ba740b73b3,2363de00ed,instruction,"From: 	Keiser, Kam Sent:	Tuesday, November 20, 2001 8:29 AM To:	Ward, Kim S (Houston) Subject:	LADWAP

Kim,

Settlements found the problem they had with billing LADWAP and has corrected it.

Please let me know if you have any more questions.

Thanks

Kam x3-5781","Kam,

Thanks so much for your help!

Kim"
0,"Thanks, Sylvia. I’ve received the redlined schedule and will review it early next week. Let me know if you need any input on the open issues.",0.10023573178096515,0.8936170212765957,0.03571428571428571,0.02406371482052832,False,91499d0c9d,50692538d6,neutral,"From: 	""Dooley, Sylvia V."" <DOOLEYS@coned.com>@ENRON Sent:	Friday, October 19, 2001 3:46 PM To:	Shackleton, Sara Cc:	Diskin, George B.; Douglas, Patricia M. Subject:	cecony-enron redlined isda schedule

sara, as discussed attached is a cleaned up redlined version of the schedule.  as you know, there are still several open issues, but hopefully, it will be easier to work from this document.  in the meantime, i will work on redlining the csa and reviewing some of the open issues in the schedule that are in my court.  thanks for your help and have a great weekend! <<enron isda 8-29.doc>>

- enron",please print - thanks
1,"Appreciate the updated document, Sylvia. I’ll look over the CSA redlines when you have them and flag any concerns.",0.0797881795970048,0.8596491228070176,0.0,0.02406371482052832,False,91499d0c9d,50692538d6,neutral,"From: 	""Dooley, Sylvia V."" <DOOLEYS@coned.com>@ENRON Sent:	Friday, October 19, 2001 3:46 PM To:	Shackleton, Sara Cc:	Diskin, George B.; Douglas, Patricia M. Subject:	cecony-enron redlined isda schedule

sara, as discussed attached is a cleaned up redlined version of the schedule.  as you know, there are still several open issues, but hopefully, it will be easier to work from this document.  in the meantime, i will work on redlining the csa and reviewing some of the open issues in the schedule that are in my court.  thanks for your help and have a great weekend! <<enron isda 8-29.doc>>

- enron",please print - thanks
2,"Got the file, Sylvia. Thanks for the cleanup—this should make our next call more productive. Have a great weekend!",0.08378199369478455,0.8596491228070176,0.047619047619047616,0.18997224625528344,False,91499d0c9d,50692538d6,neutral,"From: 	""Dooley, Sylvia V."" <DOOLEYS@coned.com>@ENRON Sent:	Friday, October 19, 2001 3:46 PM To:	Shackleton, Sara Cc:	Diskin, George B.; Douglas, Patricia M. Subject:	cecony-enron redlined isda schedule

sara, as discussed attached is a cleaned up redlined version of the schedule.  as you know, there are still several open issues, but hopefully, it will be easier to work from this document.  in the meantime, i will work on redlining the csa and reviewing some of the open issues in the schedule that are in my court.  thanks for your help and have a great weekend! <<enron isda 8-29.doc>>

- enron",please print - thanks
3,"Sylvia, thanks for sending the redlined schedule. I’ll compare it with our notes and get back to you by Monday with any questions.",0.10254165534708057,0.8692307692307693,0.04,-0.13606104286106144,False,91499d0c9d,50692538d6,neutral,"From: 	""Dooley, Sylvia V."" <DOOLEYS@coned.com>@ENRON Sent:	Friday, October 19, 2001 3:46 PM To:	Shackleton, Sara Cc:	Diskin, George B.; Douglas, Patricia M. Subject:	cecony-enron redlined isda schedule

sara, as discussed attached is a cleaned up redlined version of the schedule.  as you know, there are still several open issues, but hopefully, it will be easier to work from this document.  in the meantime, i will work on redlining the csa and reviewing some of the open issues in the schedule that are in my court.  thanks for your help and have a great weekend! <<enron isda 8-29.doc>>

- enron",please print - thanks
4,"Received the attached schedule, Sylvia. Looks good so far; I’ll start reviewing the open issues you mentioned and keep you posted.",0.08189173243276623,0.8769230769230769,0.0,-0.1735983148358057,False,91499d0c9d,50692538d6,neutral,"From: 	""Dooley, Sylvia V."" <DOOLEYS@coned.com>@ENRON Sent:	Friday, October 19, 2001 3:46 PM To:	Shackleton, Sara Cc:	Diskin, George B.; Douglas, Patricia M. Subject:	cecony-enron redlined isda schedule

sara, as discussed attached is a cleaned up redlined version of the schedule.  as you know, there are still several open issues, but hopefully, it will be easier to work from this document.  in the meantime, i will work on redlining the csa and reviewing some of the open issues in the schedule that are in my court.  thanks for your help and have a great weekend! <<enron isda 8-29.doc>>

- enron",please print - thanks
0,"Thanks, Sylvia. I’ve received the redlined schedule and will review the open issues. Let me know if you need any additional input from my side. Have a great weekend!

Sara Shackleton Enron North America Corp. 1400 Smith Street, EB 3801a Houston, Texas  77002 713-853-5620 (phone) 713-646-3490 (fax) sara.shackleton@enron.com",0.18371359001290824,0.9444444444444444,0.018867924528301886,0.108291312196005,False,91499d0c9d,50692538d6,fewshot,"From: 	""Dooley, Sylvia V."" <DOOLEYS@coned.com>@ENRON Sent:	Friday, October 19, 2001 3:46 PM To:	Shackleton, Sara Cc:	Diskin, George B.; Douglas, Patricia M. Subject:	cecony-enron redlined isda schedule

sara, as discussed attached is a cleaned up redlined version of the schedule.  as you know, there are still several open issues, but hopefully, it will be easier to work from this document.  in the meantime, i will work on redlining the csa and reviewing some of the open issues in the schedule that are in my court.  thanks for your help and have a great weekend! <<enron isda 8-29.doc>>

- enron",please print - thanks
1,"Sylvia, appreciate the updated redline. I noticed a couple of sections still marked open—could you highlight the specific points you’d like me to focus on? I’ll prioritize those and get back to you early next week.

Sara Shackleton Enron North America Corp. 1400 Smith Street, EB 3801a Houston, Texas  77002 713-853-5620 (phone) 713-646-3490 (fax) sara.shackleton@enron.com",0.16847728569864984,0.9490616621983914,0.0,-0.04384621026295879,False,91499d0c9d,50692538d6,fewshot,"From: 	""Dooley, Sylvia V."" <DOOLEYS@coned.com>@ENRON Sent:	Friday, October 19, 2001 3:46 PM To:	Shackleton, Sara Cc:	Diskin, George B.; Douglas, Patricia M. Subject:	cecony-enron redlined isda schedule

sara, as discussed attached is a cleaned up redlined version of the schedule.  as you know, there are still several open issues, but hopefully, it will be easier to work from this document.  in the meantime, i will work on redlining the csa and reviewing some of the open issues in the schedule that are in my court.  thanks for your help and have a great weekend! <<enron isda 8-29.doc>>

- enron",please print - thanks
2,"Received the cleaned‑up redlined schedule, Sylvia. I’ll circulate it to our legal and credit teams for their review and let you know of any comments by tomorrow.

Sara Shackleton Enron North America Corp. 1400 Smith Street, EB 3801a Houston, Texas  77002 713-853-5620 (phone) 713-646-3490 (fax) sara.shackleton@enron.com",0.16967048487198666,0.94375,0.0,0.012902487604510075,False,91499d0c9d,50692538d6,fewshot,"From: 	""Dooley, Sylvia V."" <DOOLEYS@coned.com>@ENRON Sent:	Friday, October 19, 2001 3:46 PM To:	Shackleton, Sara Cc:	Diskin, George B.; Douglas, Patricia M. Subject:	cecony-enron redlined isda schedule

sara, as discussed attached is a cleaned up redlined version of the schedule.  as you know, there are still several open issues, but hopefully, it will be easier to work from this document.  in the meantime, i will work on redlining the csa and reviewing some of the open issues in the schedule that are in my court.  thanks for your help and have a great weekend! <<enron isda 8-29.doc>>

- enron",please print - thanks
3,"Thanks for sending the redlined version. To keep momentum, could we schedule a brief call early next week to walk through the remaining open issues? Please let me know your availability.

Sara Shackleton Enron North America Corp. 1400 Smith Street, EB 3801a Houston, Texas  77002 713-853-5620 (phone) 713-646-3490 (fax) sara.shackleton@enron.com",0.1894884184298609,0.9449275362318841,0.038461538461538464,-0.02861342217789421,False,91499d0c9d,50692538d6,fewshot,"From: 	""Dooley, Sylvia V."" <DOOLEYS@coned.com>@ENRON Sent:	Friday, October 19, 2001 3:46 PM To:	Shackleton, Sara Cc:	Diskin, George B.; Douglas, Patricia M. Subject:	cecony-enron redlined isda schedule

sara, as discussed attached is a cleaned up redlined version of the schedule.  as you know, there are still several open issues, but hopefully, it will be easier to work from this document.  in the meantime, i will work on redlining the csa and reviewing some of the open issues in the schedule that are in my court.  thanks for your help and have a great weekend! <<enron isda 8-29.doc>>

- enron",please print - thanks
4,"""Sylvia, thanks for the update. I’ll review the document and work on the CSA redline as discussed. Enjoy your weekend!\n\nSara Shackleton Enron North America Corp. 1400",0.10675350374333746,0.8928571428571429,0.034482758620689655,0.20602996535154403,False,91499d0c9d,50692538d6,fewshot,"From: 	""Dooley, Sylvia V."" <DOOLEYS@coned.com>@ENRON Sent:	Friday, October 19, 2001 3:46 PM To:	Shackleton, Sara Cc:	Diskin, George B.; Douglas, Patricia M. Subject:	cecony-enron redlined isda schedule

sara, as discussed attached is a cleaned up redlined version of the schedule.  as you know, there are still several open issues, but hopefully, it will be easier to work from this document.  in the meantime, i will work on redlining the csa and reviewing some of the open issues in the schedule that are in my court.  thanks for your help and have a great weekend! <<enron isda 8-29.doc>>

- enron",please print - thanks
0,That sounds like a fantastic deal—how do I go about booking it?,0.05981598862643561,0.7936507936507936,0.09090909090909091,-0.11137341277280188,False,68dfa3c196,2363de00ed,neutral,"From: Vann, Suzanne Sent: Wednesday, December 12, 2001 9:27 AM To: Ward, Kim S (Houston) Subject: FW: Site59 Top Picks | Check Your List Twice!

Belize:  leave tomorrow and return Tuesday for under $575.  That includes airfare and 5 nights in the hotel!!!!

From: Patty Griffin [mailto:Site59@site59.rsc03.com] Sent: Tuesday, December 11, 2001 6:26 PM To: svann@enron.com Subject: Site59 Top Picks | Check Your List Twice!

<http://www.site59.com/images/index_topleft.gif>	  <http://www.site59.com/images/spacer.gif>	  <http://www.site59.com/images/index_topright.gif> <http://www.site59.com/images/s",If I wasn't going to phx tomarrow I would say lets go!
1,Thanks for forwarding this! I’ll check my schedule and get back to you soon.,0.08472779315837296,0.7763157894736842,0.08333333333333333,-0.2571594298404702,False,68dfa3c196,2363de00ed,neutral,"From: Vann, Suzanne Sent: Wednesday, December 12, 2001 9:27 AM To: Ward, Kim S (Houston) Subject: FW: Site59 Top Picks | Check Your List Twice!

Belize:  leave tomorrow and return Tuesday for under $575.  That includes airfare and 5 nights in the hotel!!!!

From: Patty Griffin [mailto:Site59@site59.rsc03.com] Sent: Tuesday, December 11, 2001 6:26 PM To: svann@enron.com Subject: Site59 Top Picks | Check Your List Twice!

<http://www.site59.com/images/index_topleft.gif>	  <http://www.site59.com/images/spacer.gif>	  <http://www.site59.com/images/index_topright.gif> <http://www.site59.com/images/s",If I wasn't going to phx tomarrow I would say lets go!
2,"Wow, under $575 for airfare and five nights is impressive—are there any travel restrictions?",0.06925948429021378,0.7934782608695652,0.0,-0.11944068874916217,False,68dfa3c196,2363de00ed,neutral,"From: Vann, Suzanne Sent: Wednesday, December 12, 2001 9:27 AM To: Ward, Kim S (Houston) Subject: FW: Site59 Top Picks | Check Your List Twice!

Belize:  leave tomorrow and return Tuesday for under $575.  That includes airfare and 5 nights in the hotel!!!!

From: Patty Griffin [mailto:Site59@site59.rsc03.com] Sent: Tuesday, December 11, 2001 6:26 PM To: svann@enron.com Subject: Site59 Top Picks | Check Your List Twice!

<http://www.site59.com/images/index_topleft.gif>	  <http://www.site59.com/images/spacer.gif>	  <http://www.site59.com/images/index_topright.gif> <http://www.site59.com/images/s",If I wasn't going to phx tomarrow I would say lets go!
3,Please send me the direct booking link so I can secure the trip today.,0.0895418717277824,0.7857142857142857,0.043478260869565216,-0.08916875135065107,False,68dfa3c196,2363de00ed,neutral,"From: Vann, Suzanne Sent: Wednesday, December 12, 2001 9:27 AM To: Ward, Kim S (Houston) Subject: FW: Site59 Top Picks | Check Your List Twice!

Belize:  leave tomorrow and return Tuesday for under $575.  That includes airfare and 5 nights in the hotel!!!!

From: Patty Griffin [mailto:Site59@site59.rsc03.com] Sent: Tuesday, December 11, 2001 6:26 PM To: svann@enron.com Subject: Site59 Top Picks | Check Your List Twice!

<http://www.site59.com/images/index_topleft.gif>	  <http://www.site59.com/images/spacer.gif>	  <http://www.site59.com/images/index_topright.gif> <http://www.site59.com/images/s",If I wasn't going to phx tomarrow I would say lets go!
4,"I’m unable to leave tomorrow, but keep me in mind for similar offers in the future.",0.07714285661624447,0.7710843373493976,0.08,0.00704496858917252,False,68dfa3c196,2363de00ed,neutral,"From: Vann, Suzanne Sent: Wednesday, December 12, 2001 9:27 AM To: Ward, Kim S (Houston) Subject: FW: Site59 Top Picks | Check Your List Twice!

Belize:  leave tomorrow and return Tuesday for under $575.  That includes airfare and 5 nights in the hotel!!!!

From: Patty Griffin [mailto:Site59@site59.rsc03.com] Sent: Tuesday, December 11, 2001 6:26 PM To: svann@enron.com Subject: Site59 Top Picks | Check Your List Twice!

<http://www.site59.com/images/index_topleft.gif>	  <http://www.site59.com/images/spacer.gif>	  <http://www.site59.com/images/index_topright.gif> <http://www.site59.com/images/s",If I wasn't going to phx tomarrow I would say lets go!
0,"Hi Suzanne,

Thanks for forwarding the Belize deal. Could you send me the exact travel dates and any blackout dates? Also, is the price per person or for two?

Thanks,
Kim Ward
Manager, West Gas Origination",0.12769091908645805,0.8300970873786407,0.0,-0.03687650146748217,False,68dfa3c196,2363de00ed,fewshot,"From: Vann, Suzanne Sent: Wednesday, December 12, 2001 9:27 AM To: Ward, Kim S (Houston) Subject: FW: Site59 Top Picks | Check Your List Twice!

Belize:  leave tomorrow and return Tuesday for under $575.  That includes airfare and 5 nights in the hotel!!!!

From: Patty Griffin [mailto:Site59@site59.rsc03.com] Sent: Tuesday, December 11, 2001 6:26 PM To: svann@enron.com Subject: Site59 Top Picks | Check Your List Twice!

<http://www.site59.com/images/index_topleft.gif>	  <http://www.site59.com/images/spacer.gif>	  <http://www.site59.com/images/index_topright.gif> <http://www.site59.com/images/s",If I wasn't going to phx tomarrow I would say lets go!
1,"That looks great! I’ll check my calendar and let you know if I can go. Thanks for the heads‑up!
Kim",0.08948014329118328,0.797979797979798,0.10344827586206896,-0.3478879924164635,False,68dfa3c196,2363de00ed,fewshot,"From: Vann, Suzanne Sent: Wednesday, December 12, 2001 9:27 AM To: Ward, Kim S (Houston) Subject: FW: Site59 Top Picks | Check Your List Twice!

Belize:  leave tomorrow and return Tuesday for under $575.  That includes airfare and 5 nights in the hotel!!!!

From: Patty Griffin [mailto:Site59@site59.rsc03.com] Sent: Tuesday, December 11, 2001 6:26 PM To: svann@enron.com Subject: Site59 Top Picks | Check Your List Twice!

<http://www.site59.com/images/index_topleft.gif>	  <http://www.site59.com/images/spacer.gif>	  <http://www.site59.com/images/index_topright.gif> <http://www.site59.com/images/s",If I wasn't going to phx tomarrow I would say lets go!
2,"Hi Suzanne,

I appreciate the offer, but I already have plans for those dates. Keep me in mind for future deals.

Best,
Kim",0.08937105922688014,0.8130081300813008,0.03225806451612903,-0.002666436303783915,False,68dfa3c196,2363de00ed,fewshot,"From: Vann, Suzanne Sent: Wednesday, December 12, 2001 9:27 AM To: Ward, Kim S (Houston) Subject: FW: Site59 Top Picks | Check Your List Twice!

Belize:  leave tomorrow and return Tuesday for under $575.  That includes airfare and 5 nights in the hotel!!!!

From: Patty Griffin [mailto:Site59@site59.rsc03.com] Sent: Tuesday, December 11, 2001 6:26 PM To: svann@enron.com Subject: Site59 Top Picks | Check Your List Twice!

<http://www.site59.com/images/index_topleft.gif>	  <http://www.site59.com/images/spacer.gif>	  <http://www.site59.com/images/index_topright.gif> <http://www.site59.com/images/s",If I wasn't going to phx tomarrow I would say lets go!
3,"Belize for under $575? Tempting! I might have to skip the chocolate binge and book a trip instead. Let me know if you need any help with the booking.
Kim",0.1033763838302485,0.7712418300653595,0.08108108108108109,-0.3182532991982352,False,68dfa3c196,2363de00ed,fewshot,"From: Vann, Suzanne Sent: Wednesday, December 12, 2001 9:27 AM To: Ward, Kim S (Houston) Subject: FW: Site59 Top Picks | Check Your List Twice!

Belize:  leave tomorrow and return Tuesday for under $575.  That includes airfare and 5 nights in the hotel!!!!

From: Patty Griffin [mailto:Site59@site59.rsc03.com] Sent: Tuesday, December 11, 2001 6:26 PM To: svann@enron.com Subject: Site59 Top Picks | Check Your List Twice!

<http://www.site59.com/images/index_topleft.gif>	  <http://www.site59.com/images/spacer.gif>	  <http://www.site59.com/images/index_topright.gif> <http://www.site59.com/images/s",If I wasn't going to phx tomarrow I would say lets go!
4,"Hi Suzanne,

Thanks for the tip. Could you also forward this to Mara in Houston? She’s been looking for a quick getaway.

Thanks,
Kim Ward",0.10583954299603548,0.7898550724637681,0.029411764705882353,-0.12977049987974562,False,68dfa3c196,2363de00ed,fewshot,"From: Vann, Suzanne Sent: Wednesday, December 12, 2001 9:27 AM To: Ward, Kim S (Houston) Subject: FW: Site59 Top Picks | Check Your List Twice!

Belize:  leave tomorrow and return Tuesday for under $575.  That includes airfare and 5 nights in the hotel!!!!

From: Patty Griffin [mailto:Site59@site59.rsc03.com] Sent: Tuesday, December 11, 2001 6:26 PM To: svann@enron.com Subject: Site59 Top Picks | Check Your List Twice!

<http://www.site59.com/images/index_topleft.gif>	  <http://www.site59.com/images/spacer.gif>	  <http://www.site59.com/images/index_topright.gif> <http://www.site59.com/images/s",If I wasn't going to phx tomarrow I would say lets go!
0,"""hey suzanne, that belize deal sounds amazing! are the flights departing from houston? what hotel are we staying at? can't wait to hear more!!"",""Wow! Under $575 for airfare and five nights in Belize?!\\nAre the tickets refundable if plans change?\\nLet me know the departure airport and hotel name!\\nThanks!"",""hi suzanne,\\njust saw the belize offer—looks tempting!\\nwhat’s the baggage allowance included?\\nis travel insurance optional or required?\\nplease send the booking link when you can!\\nthanks!"",""Sounds like a great getaway! Could you confirm",0.11995754901483885,0.9171171171171171,0.023809523809523808,-0.5083570546451888,False,68dfa3c196,2363de00ed,instruction,"From: Vann, Suzanne Sent: Wednesday, December 12, 2001 9:27 AM To: Ward, Kim S (Houston) Subject: FW: Site59 Top Picks | Check Your List Twice!

Belize:  leave tomorrow and return Tuesday for under $575.  That includes airfare and 5 nights in the hotel!!!!

From: Patty Griffin [mailto:Site59@site59.rsc03.com] Sent: Tuesday, December 11, 2001 6:26 PM To: svann@enron.com Subject: Site59 Top Picks | Check Your List Twice!

<http://www.site59.com/images/index_topleft.gif>	  <http://www.site59.com/images/spacer.gif>	  <http://www.site59.com/images/index_topright.gif> <http://www.site59.com/images/s",If I wasn't going to phx tomarrow I would say lets go!
0,"Sure, I can send you my resume. Please let me know the best email address to use.",0.06752276724917047,0.8024691358024691,0.038461538461538464,-0.2504364619521901,False,db6b292a91,432d4b6ac8,neutral,"From: 	craigjefferies@ckbenergy.com@ENRON Sent:	Wednesday, November 28, 2001 11:50 AM To:	Carson, Mike Subject:	Senior Position

Mike:

Please send me your resume or call me. I have senior position that I would like to discuss.

Regards,

Craig Jefferies President CKB Energy, Inc. (917) 445 1189",give me a ring today or tomorrow.  713-853-6203
1,I'm interested; could you share more details about the senior role and responsibilities?,0.06132609132966967,0.7840909090909091,0.0,-0.631865128614459,False,db6b292a91,432d4b6ac8,neutral,"From: 	craigjefferies@ckbenergy.com@ENRON Sent:	Wednesday, November 28, 2001 11:50 AM To:	Carson, Mike Subject:	Senior Position

Mike:

Please send me your resume or call me. I have senior position that I would like to discuss.

Regards,

Craig Jefferies President CKB Energy, Inc. (917) 445 1189",give me a ring today or tomorrow.  713-853-6203
2,Thanks for reaching out. I'll call you at the number you provided later today.,0.07114540281644614,0.7692307692307693,0.045454545454545456,-0.5386863657723349,False,db6b292a91,432d4b6ac8,neutral,"From: 	craigjefferies@ckbenergy.com@ENRON Sent:	Wednesday, November 28, 2001 11:50 AM To:	Carson, Mike Subject:	Senior Position

Mike:

Please send me your resume or call me. I have senior position that I would like to discuss.

Regards,

Craig Jefferies President CKB Energy, Inc. (917) 445 1189",give me a ring today or tomorrow.  713-853-6203
3,"I appreciate the opportunity, but I'm currently not looking to change positions.",0.05158899939848685,0.8,0.0,-0.7222784886769528,False,db6b292a91,432d4b6ac8,neutral,"From: 	craigjefferies@ckbenergy.com@ENRON Sent:	Wednesday, November 28, 2001 11:50 AM To:	Carson, Mike Subject:	Senior Position

Mike:

Please send me your resume or call me. I have senior position that I would like to discuss.

Regards,

Craig Jefferies President CKB Energy, Inc. (917) 445 1189",give me a ring today or tomorrow.  713-853-6203
4,Could you provide a brief overview of the position and the location?,0.056142870729938475,0.7794117647058824,0.05,-0.849881832572407,False,db6b292a91,432d4b6ac8,neutral,"From: 	craigjefferies@ckbenergy.com@ENRON Sent:	Wednesday, November 28, 2001 11:50 AM To:	Carson, Mike Subject:	Senior Position

Mike:

Please send me your resume or call me. I have senior position that I would like to discuss.

Regards,

Craig Jefferies President CKB Energy, Inc. (917) 445 1189",give me a ring today or tomorrow.  713-853-6203
0,"Sure thing Craig, I'll shoot my resume over to you ASAP. Talk soon! MC",0.054934133870695345,0.7571428571428571,0.0,-0.08635345763940448,False,db6b292a91,432d4b6ac8,fewshot,"From: 	craigjefferies@ckbenergy.com@ENRON Sent:	Wednesday, November 28, 2001 11:50 AM To:	Carson, Mike Subject:	Senior Position

Mike:

Please send me your resume or call me. I have senior position that I would like to discuss.

Regards,

Craig Jefferies President CKB Energy, Inc. (917) 445 1189",give me a ring today or tomorrow.  713-853-6203
1,"Hey Craig, I'm interested—can you send over the job description first? Then I'll forward my resume. MC",0.05845864281804178,0.8235294117647058,0.0,-0.21224786425881367,False,db6b292a91,432d4b6ac8,fewshot,"From: 	craigjefferies@ckbenergy.com@ENRON Sent:	Wednesday, November 28, 2001 11:50 AM To:	Carson, Mike Subject:	Senior Position

Mike:

Please send me your resume or call me. I have senior position that I would like to discuss.

Regards,

Craig Jefferies President CKB Energy, Inc. (917) 445 1189",give me a ring today or tomorrow.  713-853-6203
2,Sounds great! I'll give you a call later today to discuss. MC,0.060278637949879255,0.8032786885245902,0.15789473684210525,-0.17929865071084608,False,db6b292a91,432d4b6ac8,fewshot,"From: 	craigjefferies@ckbenergy.com@ENRON Sent:	Wednesday, November 28, 2001 11:50 AM To:	Carson, Mike Subject:	Senior Position

Mike:

Please send me your resume or call me. I have senior position that I would like to discuss.

Regards,

Craig Jefferies President CKB Energy, Inc. (917) 445 1189",give me a ring today or tomorrow.  713-853-6203
3,"Thanks for the heads‑up, Craig. I’m currently tied up but can send my resume by end of day. MC",0.05774735615245227,0.8191489361702128,0.0,-0.43859874652017555,False,db6b292a91,432d4b6ac8,fewshot,"From: 	craigjefferies@ckbenergy.com@ENRON Sent:	Wednesday, November 28, 2001 11:50 AM To:	Carson, Mike Subject:	Senior Position

Mike:

Please send me your resume or call me. I have senior position that I would like to discuss.

Regards,

Craig Jefferies President CKB Energy, Inc. (917) 445 1189",give me a ring today or tomorrow.  713-853-6203
4,"Appreciate the offer, Craig. Let’s sync up tomorrow morning—does 9 am work? MC",0.036965608185158295,0.717948717948718,0.041666666666666664,-0.3763446586177239,False,db6b292a91,432d4b6ac8,fewshot,"From: 	craigjefferies@ckbenergy.com@ENRON Sent:	Wednesday, November 28, 2001 11:50 AM To:	Carson, Mike Subject:	Senior Position

Mike:

Please send me your resume or call me. I have senior position that I would like to discuss.

Regards,

Craig Jefferies President CKB Energy, Inc. (917) 445 1189",give me a ring today or tomorrow.  713-853-6203
0,"hey craig,
I'll email my resume today. Let me know if you'd rather talk on the phone!",0.05714031254499615,0.7647058823529411,0.08,0.975180027193525,False,db6b292a91,432d4b6ac8,instruction,"From: 	craigjefferies@ckbenergy.com@ENRON Sent:	Wednesday, November 28, 2001 11:50 AM To:	Carson, Mike Subject:	Senior Position

Mike:

Please send me your resume or call me. I have senior position that I would like to discuss.

Regards,

Craig Jefferies President CKB Energy, Inc. (917) 445 1189",give me a ring today or tomorrow.  713-853-6203
1,Sure! I can send my resume right away. Would a quick call work better for you?,0.05710575352983383,0.7948717948717948,0.04,-0.13099791916788397,False,db6b292a91,432d4b6ac8,instruction,"From: 	craigjefferies@ckbenergy.com@ENRON Sent:	Wednesday, November 28, 2001 11:50 AM To:	Carson, Mike Subject:	Senior Position

Mike:

Please send me your resume or call me. I have senior position that I would like to discuss.

Regards,

Craig Jefferies President CKB Energy, Inc. (917) 445 1189",give me a ring today or tomorrow.  713-853-6203
2,"hi craig,
attaching my resume now. let me know if you need any other info!",0.05506463841552483,0.7972972972972973,0.041666666666666664,0.9072177218526073,False,db6b292a91,432d4b6ac8,instruction,"From: 	craigjefferies@ckbenergy.com@ENRON Sent:	Wednesday, November 28, 2001 11:50 AM To:	Carson, Mike Subject:	Senior Position

Mike:

Please send me your resume or call me. I have senior position that I would like to discuss.

Regards,

Craig Jefferies President CKB Energy, Inc. (917) 445 1189",give me a ring today or tomorrow.  713-853-6203
3,Thanks! I'll forward my resume shortly. Could you share more details about the senior role?,0.06459504437721586,0.8021978021978022,0.0,-0.12079393142159431,False,db6b292a91,432d4b6ac8,instruction,"From: 	craigjefferies@ckbenergy.com@ENRON Sent:	Wednesday, November 28, 2001 11:50 AM To:	Carson, Mike Subject:	Senior Position

Mike:

Please send me your resume or call me. I have senior position that I would like to discuss.

Regards,

Craig Jefferies President CKB Energy, Inc. (917) 445 1189",give me a ring today or tomorrow.  713-853-6203
4,"hey there,
I'll send my cv via email. ping me if you'd like to chat first!",0.055375222555331435,0.8243243243243243,0.04,1.137825779569458,False,db6b292a91,432d4b6ac8,instruction,"From: 	craigjefferies@ckbenergy.com@ENRON Sent:	Wednesday, November 28, 2001 11:50 AM To:	Carson, Mike Subject:	Senior Position

Mike:

Please send me your resume or call me. I have senior position that I would like to discuss.

Regards,

Craig Jefferies President CKB Energy, Inc. (917) 445 1189",give me a ring today or tomorrow.  713-853-6203
0,"Thanks for the update, Sally. Tuesday afternoon works fine for me; I'll be back then and can meet with Ernie on Monday if needed.",0.13784131787244444,0.7751937984496124,0.030303030303030304,0.0073927464702995375,False,f8c20cfd85,9b79c8b0e5,neutral,"From: 	Scott, Laura Sent:	Friday, January 25, 2002 2:58 PM To:	Beck, Sally Subject:	RE:

Wes thought it was a good idea so I've changed my flight to go home Tuesday afternoon.  I think it will help me to better understand the new expectations.

From: 	Beck, Sally Sent:	Friday, January 25, 2002 1:56 PM To:	Scott, Laura Subject:	RE:

Don't know what works best with your schedule.  Ernie Pitterelli (head of Operatins for UBS Americas) will be here on Monday and Tuesday and one of the things that we will discuss is the risk roles - position rerporting and calculation of P&L.  Ernie is targeting Tu",Great - I  will look forward to seeing you next week.  --Sally
1,"Sounds good, Sally. I'll adjust my plans to be available for the risk roles discussion on Monday and Tuesday.",0.11993051096434205,0.7798165137614679,0.07142857142857142,-0.0340319221418177,False,f8c20cfd85,9b79c8b0e5,neutral,"From: 	Scott, Laura Sent:	Friday, January 25, 2002 2:58 PM To:	Beck, Sally Subject:	RE:

Wes thought it was a good idea so I've changed my flight to go home Tuesday afternoon.  I think it will help me to better understand the new expectations.

From: 	Beck, Sally Sent:	Friday, January 25, 2002 1:56 PM To:	Scott, Laura Subject:	RE:

Don't know what works best with your schedule.  Ernie Pitterelli (head of Operatins for UBS Americas) will be here on Monday and Tuesday and one of the things that we will discuss is the risk roles - position rerporting and calculation of P&L.  Ernie is targeting Tu",Great - I  will look forward to seeing you next week.  --Sally
2,Appreciate the heads-up about Ernie's visit. I'll keep Tuesday open for the meeting and fly home Wednesday instead.,0.10713558904946811,0.7304347826086957,0.0,0.030908947985923974,False,f8c20cfd85,9b79c8b0e5,neutral,"From: 	Scott, Laura Sent:	Friday, January 25, 2002 2:58 PM To:	Beck, Sally Subject:	RE:

Wes thought it was a good idea so I've changed my flight to go home Tuesday afternoon.  I think it will help me to better understand the new expectations.

From: 	Beck, Sally Sent:	Friday, January 25, 2002 1:56 PM To:	Scott, Laura Subject:	RE:

Don't know what works best with your schedule.  Ernie Pitterelli (head of Operatins for UBS Americas) will be here on Monday and Tuesday and one of the things that we will discuss is the risk roles - position rerporting and calculation of P&L.  Ernie is targeting Tu",Great - I  will look forward to seeing you next week.  --Sally
3,Let me know if you need me to join the risk roles session; I can shift my flight to Monday morning if that helps.,0.12471106427714244,0.7876106194690266,0.10344827586206896,0.05509300891281813,False,f8c20cfd85,9b79c8b0e5,neutral,"From: 	Scott, Laura Sent:	Friday, January 25, 2002 2:58 PM To:	Beck, Sally Subject:	RE:

Wes thought it was a good idea so I've changed my flight to go home Tuesday afternoon.  I think it will help me to better understand the new expectations.

From: 	Beck, Sally Sent:	Friday, January 25, 2002 1:56 PM To:	Scott, Laura Subject:	RE:

Don't know what works best with your schedule.  Ernie Pitterelli (head of Operatins for UBS Americas) will be here on Monday and Tuesday and one of the things that we will discuss is the risk roles - position rerporting and calculation of P&L.  Ernie is targeting Tu",Great - I  will look forward to seeing you next week.  --Sally
4,"Great, I'll coordinate with Wes and ensure I'm prepared for the P&L calculation talk on Tuesday.",0.1026122078251923,0.71875,0.037037037037037035,0.06943824972333952,False,f8c20cfd85,9b79c8b0e5,neutral,"From: 	Scott, Laura Sent:	Friday, January 25, 2002 2:58 PM To:	Beck, Sally Subject:	RE:

Wes thought it was a good idea so I've changed my flight to go home Tuesday afternoon.  I think it will help me to better understand the new expectations.

From: 	Beck, Sally Sent:	Friday, January 25, 2002 1:56 PM To:	Scott, Laura Subject:	RE:

Don't know what works best with your schedule.  Ernie Pitterelli (head of Operatins for UBS Americas) will be here on Monday and Tuesday and one of the things that we will discuss is the risk roles - position rerporting and calculation of P&L.  Ernie is targeting Tu",Great - I  will look forward to seeing you next week.  --Sally
0,"Thanks for the update, Laura. Changing your flight to Tuesday afternoon sounds like a smart move to get a clearer picture of the new expectations. --Sally",0.1415409599697033,0.7467532467532467,0.0625,0.11032329389563322,False,f8c20cfd85,9b79c8b0e5,fewshot,"From: 	Scott, Laura Sent:	Friday, January 25, 2002 2:58 PM To:	Beck, Sally Subject:	RE:

Wes thought it was a good idea so I've changed my flight to go home Tuesday afternoon.  I think it will help me to better understand the new expectations.

From: 	Beck, Sally Sent:	Friday, January 25, 2002 1:56 PM To:	Scott, Laura Subject:	RE:

Don't know what works best with your schedule.  Ernie Pitterelli (head of Operatins for UBS Americas) will be here on Monday and Tuesday and one of the things that we will discuss is the risk roles - position rerporting and calculation of P&L.  Ernie is targeting Tu",Great - I  will look forward to seeing you next week.  --Sally
1,I’m glad Wes thought it was a good idea. Let me know if you need any assistance with the travel arrangements or anything else before Tuesday. --Sally,0.14636388502827716,0.7516778523489933,0.08333333333333333,0.09362720166875409,False,f8c20cfd85,9b79c8b0e5,fewshot,"From: 	Scott, Laura Sent:	Friday, January 25, 2002 2:58 PM To:	Beck, Sally Subject:	RE:

Wes thought it was a good idea so I've changed my flight to go home Tuesday afternoon.  I think it will help me to better understand the new expectations.

From: 	Beck, Sally Sent:	Friday, January 25, 2002 1:56 PM To:	Scott, Laura Subject:	RE:

Don't know what works best with your schedule.  Ernie Pitterelli (head of Operatins for UBS Americas) will be here on Monday and Tuesday and one of the things that we will discuss is the risk roles - position rerporting and calculation of P&L.  Ernie is targeting Tu",Great - I  will look forward to seeing you next week.  --Sally
2,That should give you plenty of time to sit in on Ernie’s discussions about risk roles and P&L calculations on Monday and Tuesday. Hope it’s helpful. --Sally,0.12118651740329577,0.7628205128205128,0.08571428571428572,0.09362720166875409,False,f8c20cfd85,9b79c8b0e5,fewshot,"From: 	Scott, Laura Sent:	Friday, January 25, 2002 2:58 PM To:	Beck, Sally Subject:	RE:

Wes thought it was a good idea so I've changed my flight to go home Tuesday afternoon.  I think it will help me to better understand the new expectations.

From: 	Beck, Sally Sent:	Friday, January 25, 2002 1:56 PM To:	Scott, Laura Subject:	RE:

Don't know what works best with your schedule.  Ernie Pitterelli (head of Operatins for UBS Americas) will be here on Monday and Tuesday and one of the things that we will discuss is the risk roles - position rerporting and calculation of P&L.  Ernie is targeting Tu",Great - I  will look forward to seeing you next week.  --Sally
3,Sounds like a productive plan. Safe travels and good luck gaining those insights on Tuesday. --Sally,0.09953518601606756,0.68,0.038461538461538464,0.015747523678540976,False,f8c20cfd85,9b79c8b0e5,fewshot,"From: 	Scott, Laura Sent:	Friday, January 25, 2002 2:58 PM To:	Beck, Sally Subject:	RE:

Wes thought it was a good idea so I've changed my flight to go home Tuesday afternoon.  I think it will help me to better understand the new expectations.

From: 	Beck, Sally Sent:	Friday, January 25, 2002 1:56 PM To:	Scott, Laura Subject:	RE:

Don't know what works best with your schedule.  Ernie Pitterelli (head of Operatins for UBS Americas) will be here on Monday and Tuesday and one of the things that we will discuss is the risk roles - position rerporting and calculation of P&L.  Ernie is targeting Tu",Great - I  will look forward to seeing you next week.  --Sally
4,Thanks for letting me know. Looking forward to hearing how it goes after your flight. --Sally,0.11543778041831286,0.5698924731182796,0.125,0.00589694627123257,False,f8c20cfd85,9b79c8b0e5,fewshot,"From: 	Scott, Laura Sent:	Friday, January 25, 2002 2:58 PM To:	Beck, Sally Subject:	RE:

Wes thought it was a good idea so I've changed my flight to go home Tuesday afternoon.  I think it will help me to better understand the new expectations.

From: 	Beck, Sally Sent:	Friday, January 25, 2002 1:56 PM To:	Scott, Laura Subject:	RE:

Don't know what works best with your schedule.  Ernie Pitterelli (head of Operatins for UBS Americas) will be here on Monday and Tuesday and one of the things that we will discuss is the risk roles - position rerporting and calculation of P&L.  Ernie is targeting Tu",Great - I  will look forward to seeing you next week.  --Sally
0,"Sure thing, Sara. I'll take over the Plains/Enron contract review and keep you updated.",0.08636792598423186,0.7816091954022989,0.047619047619047616,0.03963279809976145,False,da6bad0f19,50692538d6,neutral,"From: 	Shackleton, Sara Sent:	Wednesday, September 19, 2001 9:57 AM To:	Taylor, Mark E (Legal) Subject:	FW: Status of Plains/Enron contracts

Mark:  Can you reassign this?  I'm getting swamped.  SS

From: 	Smith, Mark Sent:	Wednesday, September 19, 2001 9:24 AM To:	Shackleton, Sara Subject:	Status of Plains/Enron contracts

Sara, I was just following up on what the status of our review of the ""Three-way"" agreement and referral agreement contracts that we are pursuing with Plains Resources, in order to facilitate small producer hedging.  If you could give me a call or reply with where we stand,",Mark:  Can you reassign this?  Thanks.  SS
1,"I can reassign this to our junior associate, Jamie Lee, who has capacity. Let me know if that works for you.",0.07906312440461966,0.7870370370370371,0.16666666666666666,0.047350054483002765,False,da6bad0f19,50692538d6,neutral,"From: 	Shackleton, Sara Sent:	Wednesday, September 19, 2001 9:57 AM To:	Taylor, Mark E (Legal) Subject:	FW: Status of Plains/Enron contracts

Mark:  Can you reassign this?  I'm getting swamped.  SS

From: 	Smith, Mark Sent:	Wednesday, September 19, 2001 9:24 AM To:	Shackleton, Sara Subject:	Status of Plains/Enron contracts

Sara, I was just following up on what the status of our review of the ""Three-way"" agreement and referral agreement contracts that we are pursuing with Plains Resources, in order to facilitate small producer hedging.  If you could give me a call or reply with where we stand,",Mark:  Can you reassign this?  Thanks.  SS
2,"I'm currently tied up with another matter, but I can delegate this to the contracts team lead. Should I proceed?",0.09384580908684698,0.7857142857142857,0.08333333333333333,0.03265715790395223,False,da6bad0f19,50692538d6,neutral,"From: 	Shackleton, Sara Sent:	Wednesday, September 19, 2001 9:57 AM To:	Taylor, Mark E (Legal) Subject:	FW: Status of Plains/Enron contracts

Mark:  Can you reassign this?  I'm getting swamped.  SS

From: 	Smith, Mark Sent:	Wednesday, September 19, 2001 9:24 AM To:	Shackleton, Sara Subject:	Status of Plains/Enron contracts

Sara, I was just following up on what the status of our review of the ""Three-way"" agreement and referral agreement contracts that we are pursuing with Plains Resources, in order to facilitate small producer hedging.  If you could give me a call or reply with where we stand,",Mark:  Can you reassign this?  Thanks.  SS
3,Let's schedule a quick call to discuss the status and then I'll handle the reassignment. When are you free?,0.10417041202493785,0.7663551401869159,0.041666666666666664,0.05394807951063871,False,da6bad0f19,50692538d6,neutral,"From: 	Shackleton, Sara Sent:	Wednesday, September 19, 2001 9:57 AM To:	Taylor, Mark E (Legal) Subject:	FW: Status of Plains/Enron contracts

Mark:  Can you reassign this?  I'm getting swamped.  SS

From: 	Smith, Mark Sent:	Wednesday, September 19, 2001 9:24 AM To:	Shackleton, Sara Subject:	Status of Plains/Enron contracts

Sara, I was just following up on what the status of our review of the ""Three-way"" agreement and referral agreement contracts that we are pursuing with Plains Resources, in order to facilitate small producer hedging.  If you could give me a call or reply with where we stand,",Mark:  Can you reassign this?  Thanks.  SS
4,I'll reassign the review to Mark Edwards in our legal department and cc you on all correspondence. Does that sound good?,0.09130256826168325,0.8083333333333333,0.12,-0.03508554940561509,False,da6bad0f19,50692538d6,neutral,"From: 	Shackleton, Sara Sent:	Wednesday, September 19, 2001 9:57 AM To:	Taylor, Mark E (Legal) Subject:	FW: Status of Plains/Enron contracts

Mark:  Can you reassign this?  I'm getting swamped.  SS

From: 	Smith, Mark Sent:	Wednesday, September 19, 2001 9:24 AM To:	Shackleton, Sara Subject:	Status of Plains/Enron contracts

Sara, I was just following up on what the status of our review of the ""Three-way"" agreement and referral agreement contracts that we are pursuing with Plains Resources, in order to facilitate small producer hedging.  If you could give me a call or reply with where we stand,",Mark:  Can you reassign this?  Thanks.  SS
0,"""Sara,\n\nI can reassign the Plains/Enron contracts review to Jane Doe in the Legal department. Please let me know if you have a preferred assignee or any specific deadlines.\n\nMark Taylor\nEnron North America Corp.\n1400 Smith Street, EB 3801a\nHouston, Texas  77002\n713-555-0123 (phone)\n713",0.09063249887383691,0.8847457627118644,0.057692307692307696,-0.08016499100389647,False,da6bad0f19,50692538d6,fewshot,"From: 	Shackleton, Sara Sent:	Wednesday, September 19, 2001 9:57 AM To:	Taylor, Mark E (Legal) Subject:	FW: Status of Plains/Enron contracts

Mark:  Can you reassign this?  I'm getting swamped.  SS

From: 	Smith, Mark Sent:	Wednesday, September 19, 2001 9:24 AM To:	Shackleton, Sara Subject:	Status of Plains/Enron contracts

Sara, I was just following up on what the status of our review of the ""Three-way"" agreement and referral agreement contracts that we are pursuing with Plains Resources, in order to facilitate small producer hedging.  If you could give me a call or reply with where we stand,",Mark:  Can you reassign this?  Thanks.  SS
0,"Sure, I can take over the Plains/Enron contract review. Could you send me the latest documents and any deadlines you have in mind? Let me know if you need a brief update by end of day.",0.12579892949600235,0.8532608695652174,0.05263157894736842,-0.0885474808202695,False,da6bad0f19,50692538d6,instruction,"From: 	Shackleton, Sara Sent:	Wednesday, September 19, 2001 9:57 AM To:	Taylor, Mark E (Legal) Subject:	FW: Status of Plains/Enron contracts

Mark:  Can you reassign this?  I'm getting swamped.  SS

From: 	Smith, Mark Sent:	Wednesday, September 19, 2001 9:24 AM To:	Shackleton, Sara Subject:	Status of Plains/Enron contracts

Sara, I was just following up on what the status of our review of the ""Three-way"" agreement and referral agreement contracts that we are pursuing with Plains Resources, in order to facilitate small producer hedging.  If you could give me a call or reply with where we stand,",Mark:  Can you reassign this?  Thanks.  SS
1,I’ll reassign this to my team right away. Please forward the current status notes and any outstanding issues. When would you like a progress report?,0.10604817551217452,0.8243243243243243,0.1,-0.04877087824513096,False,da6bad0f19,50692538d6,instruction,"From: 	Shackleton, Sara Sent:	Wednesday, September 19, 2001 9:57 AM To:	Taylor, Mark E (Legal) Subject:	FW: Status of Plains/Enron contracts

Mark:  Can you reassign this?  I'm getting swamped.  SS

From: 	Smith, Mark Sent:	Wednesday, September 19, 2001 9:24 AM To:	Shackleton, Sara Subject:	Status of Plains/Enron contracts

Sara, I was just following up on what the status of our review of the ""Three-way"" agreement and referral agreement contracts that we are pursuing with Plains Resources, in order to facilitate small producer hedging.  If you could give me a call or reply with where we stand,",Mark:  Can you reassign this?  Thanks.  SS
2,"Absolutely, I can handle the reassignment. Do you have a preferred point of contact for the Plains side? Also, any specific concerns about the three‑way agreement?",0.10620171531357807,0.8220858895705522,0.06666666666666667,-0.012857365582068648,False,da6bad0f19,50692538d6,instruction,"From: 	Shackleton, Sara Sent:	Wednesday, September 19, 2001 9:57 AM To:	Taylor, Mark E (Legal) Subject:	FW: Status of Plains/Enron contracts

Mark:  Can you reassign this?  I'm getting swamped.  SS

From: 	Smith, Mark Sent:	Wednesday, September 19, 2001 9:24 AM To:	Shackleton, Sara Subject:	Status of Plains/Enron contracts

Sara, I was just following up on what the status of our review of the ""Three-way"" agreement and referral agreement contracts that we are pursuing with Plains Resources, in order to facilitate small producer hedging.  If you could give me a call or reply with where we stand,",Mark:  Can you reassign this?  Thanks.  SS
3,Consider it done. I’ll assign a junior attorney to draft the summary and circulate it for review. Should I include the referral agreement as well?,0.09611516036082056,0.8356164383561644,0.0,-0.012857365582068648,False,da6bad0f19,50692538d6,instruction,"From: 	Shackleton, Sara Sent:	Wednesday, September 19, 2001 9:57 AM To:	Taylor, Mark E (Legal) Subject:	FW: Status of Plains/Enron contracts

Mark:  Can you reassign this?  I'm getting swamped.  SS

From: 	Smith, Mark Sent:	Wednesday, September 19, 2001 9:24 AM To:	Shackleton, Sara Subject:	Status of Plains/Enron contracts

Sara, I was just following up on what the status of our review of the ""Three-way"" agreement and referral agreement contracts that we are pursuing with Plains Resources, in order to facilitate small producer hedging.  If you could give me a call or reply with where we stand,",Mark:  Can you reassign this?  Thanks.  SS
4,Happy to help. Please send over the contract files and any timeline constraints. I’ll keep you posted with updates every morning.,0.09464195502573679,0.813953488372093,0.03571428571428571,-0.011849797842533991,False,da6bad0f19,50692538d6,instruction,"From: 	Shackleton, Sara Sent:	Wednesday, September 19, 2001 9:57 AM To:	Taylor, Mark E (Legal) Subject:	FW: Status of Plains/Enron contracts

Mark:  Can you reassign this?  I'm getting swamped.  SS

From: 	Smith, Mark Sent:	Wednesday, September 19, 2001 9:24 AM To:	Shackleton, Sara Subject:	Status of Plains/Enron contracts

Sara, I was just following up on what the status of our review of the ""Three-way"" agreement and referral agreement contracts that we are pursuing with Plains Resources, in order to facilitate small producer hedging.  If you could give me a call or reply with where we stand,",Mark:  Can you reassign this?  Thanks.  SS
0,"Sure, I’ll review the counterparty list and confirm my approval by 2:00 PM Friday.",0.06579172685219968,0.7899159663865546,0.0425531914893617,-0.6988370330234388,False,9496bf2df1,a31a43c194,neutral,"From: 	Meredith, Kevin Sent:	Thursday, September 20, 2001 3:58 PM To:	Jones, Tana; Lambert, Karen Subject:	FW: CGT Option Credit Access List

The attached document is a list of counterparties that must be reviewed and approved by 2:00PM Friday.  All counterparties will have ""read"" access to the product, which is a Physical Turbine option, and the following list will have execute access.  Please contact me at 3-9555 or Karen O'Day at 5-4135 if you have questions.

Kevin

From: 	Thome, Stephen Sent:	Thursday, September 20, 2001 3:05 PM To:	Meredith, Kevin; Puthigai, Savita; Bradford, William S. ","Sheila Tweed, the lawyer for this turbine product, has approved all of the counterparties on the attached list to trade this product, EXCEPT The City of Tacoma, Dept. of Public Utilities.  Let me know if you need anything further from me."
1,Got it—I’ll go through the document and let you know if I have any questions.,0.07726751310974837,0.7857142857142857,0.11363636363636363,-0.4266722470517126,False,9496bf2df1,a31a43c194,neutral,"From: 	Meredith, Kevin Sent:	Thursday, September 20, 2001 3:58 PM To:	Jones, Tana; Lambert, Karen Subject:	FW: CGT Option Credit Access List

The attached document is a list of counterparties that must be reviewed and approved by 2:00PM Friday.  All counterparties will have ""read"" access to the product, which is a Physical Turbine option, and the following list will have execute access.  Please contact me at 3-9555 or Karen O'Day at 5-4135 if you have questions.

Kevin

From: 	Thome, Stephen Sent:	Thursday, September 20, 2001 3:05 PM To:	Meredith, Kevin; Puthigai, Savita; Bradford, William S. ","Sheila Tweed, the lawyer for this turbine product, has approved all of the counterparties on the attached list to trade this product, EXCEPT The City of Tacoma, Dept. of Public Utilities.  Let me know if you need anything further from me."
2,I’ll review the list today and send any feedback before the deadline.,0.07366516589288966,0.8151260504201681,0.046511627906976744,-0.1884156538181607,False,9496bf2df1,a31a43c194,neutral,"From: 	Meredith, Kevin Sent:	Thursday, September 20, 2001 3:58 PM To:	Jones, Tana; Lambert, Karen Subject:	FW: CGT Option Credit Access List

The attached document is a list of counterparties that must be reviewed and approved by 2:00PM Friday.  All counterparties will have ""read"" access to the product, which is a Physical Turbine option, and the following list will have execute access.  Please contact me at 3-9555 or Karen O'Day at 5-4135 if you have questions.

Kevin

From: 	Thome, Stephen Sent:	Thursday, September 20, 2001 3:05 PM To:	Meredith, Kevin; Puthigai, Savita; Bradford, William S. ","Sheila Tweed, the lawyer for this turbine product, has approved all of the counterparties on the attached list to trade this product, EXCEPT The City of Tacoma, Dept. of Public Utilities.  Let me know if you need anything further from me."
3,Thanks for forwarding; I’ll check the execute‑access counterparties and reply shortly.,0.06902409744609836,0.7983193277310925,0.06976744186046512,-0.5753610373618241,False,9496bf2df1,a31a43c194,neutral,"From: 	Meredith, Kevin Sent:	Thursday, September 20, 2001 3:58 PM To:	Jones, Tana; Lambert, Karen Subject:	FW: CGT Option Credit Access List

The attached document is a list of counterparties that must be reviewed and approved by 2:00PM Friday.  All counterparties will have ""read"" access to the product, which is a Physical Turbine option, and the following list will have execute access.  Please contact me at 3-9555 or Karen O'Day at 5-4135 if you have questions.

Kevin

From: 	Thome, Stephen Sent:	Thursday, September 20, 2001 3:05 PM To:	Meredith, Kevin; Puthigai, Savita; Bradford, William S. ","Sheila Tweed, the lawyer for this turbine product, has approved all of the counterparties on the attached list to trade this product, EXCEPT The City of Tacoma, Dept. of Public Utilities.  Let me know if you need anything further from me."
4,Will do—reviewing the list now and will get back to you if anything needs clarification.,0.08123241355945408,0.7899159663865546,0.14285714285714285,-0.9594998627117535,False,9496bf2df1,a31a43c194,neutral,"From: 	Meredith, Kevin Sent:	Thursday, September 20, 2001 3:58 PM To:	Jones, Tana; Lambert, Karen Subject:	FW: CGT Option Credit Access List

The attached document is a list of counterparties that must be reviewed and approved by 2:00PM Friday.  All counterparties will have ""read"" access to the product, which is a Physical Turbine option, and the following list will have execute access.  Please contact me at 3-9555 or Karen O'Day at 5-4135 if you have questions.

Kevin

From: 	Thome, Stephen Sent:	Thursday, September 20, 2001 3:05 PM To:	Meredith, Kevin; Puthigai, Savita; Bradford, William S. ","Sheila Tweed, the lawyer for this turbine product, has approved all of the counterparties on the attached list to trade this product, EXCEPT The City of Tacoma, Dept. of Public Utilities.  Let me know if you need anything further from me."
0,"Hi Kevin,

I’ll review the attached list and make sure all counterparties have the appropriate read and execute access by the 2:00 PM Friday deadline. I’ll let you know if I run into any issues.

Thanks,
Tana",0.10765819718842486,0.6680672268907563,0.15517241379310345,-0.3401859302634713,False,9496bf2df1,a31a43c194,fewshot,"From: 	Meredith, Kevin Sent:	Thursday, September 20, 2001 3:58 PM To:	Jones, Tana; Lambert, Karen Subject:	FW: CGT Option Credit Access List

The attached document is a list of counterparties that must be reviewed and approved by 2:00PM Friday.  All counterparties will have ""read"" access to the product, which is a Physical Turbine option, and the following list will have execute access.  Please contact me at 3-9555 or Karen O'Day at 5-4135 if you have questions.

Kevin

From: 	Thome, Stephen Sent:	Thursday, September 20, 2001 3:05 PM To:	Meredith, Kevin; Puthigai, Savita; Bradford, William S. ","Sheila Tweed, the lawyer for this turbine product, has approved all of the counterparties on the attached list to trade this product, EXCEPT The City of Tacoma, Dept. of Public Utilities.  Let me know if you need anything further from me."
1,"Kevin,

Received the FW: CGT Option Credit Access List. I’ll go through the counterparties today and confirm the execute‑access list. Please reach out at 3‑9555 if you need anything sooner.

Best,
Karen",0.10287340134747046,0.6722689075630253,0.12280701754385964,-0.7134810950821288,False,9496bf2df1,a31a43c194,fewshot,"From: 	Meredith, Kevin Sent:	Thursday, September 20, 2001 3:58 PM To:	Jones, Tana; Lambert, Karen Subject:	FW: CGT Option Credit Access List

The attached document is a list of counterparties that must be reviewed and approved by 2:00PM Friday.  All counterparties will have ""read"" access to the product, which is a Physical Turbine option, and the following list will have execute access.  Please contact me at 3-9555 or Karen O'Day at 5-4135 if you have questions.

Kevin

From: 	Thome, Stephen Sent:	Thursday, September 20, 2001 3:05 PM To:	Meredith, Kevin; Puthigai, Savita; Bradford, William S. ","Sheila Tweed, the lawyer for this turbine product, has approved all of the counterparties on the attached list to trade this product, EXCEPT The City of Tacoma, Dept. of Public Utilities.  Let me know if you need anything further from me."
2,"Thanks for the heads‑up, Kevin. I’ll review the document and have any questions resolved by Friday morning.

Regards,
Tana",0.07948266203632193,0.7689075630252101,0.0392156862745098,-0.7778559715648654,False,9496bf2df1,a31a43c194,fewshot,"From: 	Meredith, Kevin Sent:	Thursday, September 20, 2001 3:58 PM To:	Jones, Tana; Lambert, Karen Subject:	FW: CGT Option Credit Access List

The attached document is a list of counterparties that must be reviewed and approved by 2:00PM Friday.  All counterparties will have ""read"" access to the product, which is a Physical Turbine option, and the following list will have execute access.  Please contact me at 3-9555 or Karen O'Day at 5-4135 if you have questions.

Kevin

From: 	Thome, Stephen Sent:	Thursday, September 20, 2001 3:05 PM To:	Meredith, Kevin; Puthigai, Savita; Bradford, William S. ","Sheila Tweed, the lawyer for this turbine product, has approved all of the counterparties on the attached list to trade this product, EXCEPT The City of Tacoma, Dept. of Public Utilities.  Let me know if you need anything further from me."
3,"Kevin,

I’ll check the counterparties and verify the access levels. If I need clarification I’ll call you or Karen O’Day.

Thanks,
Karen",0.07358644360892955,0.7394957983193278,0.10416666666666667,-0.7816077478287848,False,9496bf2df1,a31a43c194,fewshot,"From: 	Meredith, Kevin Sent:	Thursday, September 20, 2001 3:58 PM To:	Jones, Tana; Lambert, Karen Subject:	FW: CGT Option Credit Access List

The attached document is a list of counterparties that must be reviewed and approved by 2:00PM Friday.  All counterparties will have ""read"" access to the product, which is a Physical Turbine option, and the following list will have execute access.  Please contact me at 3-9555 or Karen O'Day at 5-4135 if you have questions.

Kevin

From: 	Thome, Stephen Sent:	Thursday, September 20, 2001 3:05 PM To:	Meredith, Kevin; Puthigai, Savita; Bradford, William S. ","Sheila Tweed, the lawyer for this turbine product, has approved all of the counterparties on the attached list to trade this product, EXCEPT The City of Tacoma, Dept. of Public Utilities.  Let me know if you need anything further from me."
4,"Got it. I’ll review the attached list and ensure the execute‑access counterparties are approved before the Friday cutoff.

Thanks,
Tana",0.10268754821099628,0.7521008403361344,0.10416666666666667,-0.8855678539371004,False,9496bf2df1,a31a43c194,fewshot,"From: 	Meredith, Kevin Sent:	Thursday, September 20, 2001 3:58 PM To:	Jones, Tana; Lambert, Karen Subject:	FW: CGT Option Credit Access List

The attached document is a list of counterparties that must be reviewed and approved by 2:00PM Friday.  All counterparties will have ""read"" access to the product, which is a Physical Turbine option, and the following list will have execute access.  Please contact me at 3-9555 or Karen O'Day at 5-4135 if you have questions.

Kevin

From: 	Thome, Stephen Sent:	Thursday, September 20, 2001 3:05 PM To:	Meredith, Kevin; Puthigai, Savita; Bradford, William S. ","Sheila Tweed, the lawyer for this turbine product, has approved all of the counterparties on the attached list to trade this product, EXCEPT The City of Tacoma, Dept. of Public Utilities.  Let me know if you need anything further from me."
0,"Thanks for the heads‑up, Kevin!
I’ll review the attached list and confirm approvals by Friday 2 PM.
Please let me know if you need any additional information from my side.
Have a great day!",0.10011787522629001,0.726890756302521,0.19298245614035087,0.05193684887090079,False,9496bf2df1,a31a43c194,instruction,"From: 	Meredith, Kevin Sent:	Thursday, September 20, 2001 3:58 PM To:	Jones, Tana; Lambert, Karen Subject:	FW: CGT Option Credit Access List

The attached document is a list of counterparties that must be reviewed and approved by 2:00PM Friday.  All counterparties will have ""read"" access to the product, which is a Physical Turbine option, and the following list will have execute access.  Please contact me at 3-9555 or Karen O'Day at 5-4135 if you have questions.

Kevin

From: 	Thome, Stephen Sent:	Thursday, September 20, 2001 3:05 PM To:	Meredith, Kevin; Puthigai, Savita; Bradford, William S. ","Sheila Tweed, the lawyer for this turbine product, has approved all of the counterparties on the attached list to trade this product, EXCEPT The City of Tacoma, Dept. of Public Utilities.  Let me know if you need anything further from me."
1,"Got it, Kevin!
I will examine the counterparties and send my approvals before the deadline.
Could you resend the attachment if it didn’t come through?
Thanks for coordinating!",0.1069256269624815,0.726890756302521,0.09259259259259259,-0.02851617503550272,False,9496bf2df1,a31a43c194,instruction,"From: 	Meredith, Kevin Sent:	Thursday, September 20, 2001 3:58 PM To:	Jones, Tana; Lambert, Karen Subject:	FW: CGT Option Credit Access List

The attached document is a list of counterparties that must be reviewed and approved by 2:00PM Friday.  All counterparties will have ""read"" access to the product, which is a Physical Turbine option, and the following list will have execute access.  Please contact me at 3-9555 or Karen O'Day at 5-4135 if you have questions.

Kevin

From: 	Thome, Stephen Sent:	Thursday, September 20, 2001 3:05 PM To:	Meredith, Kevin; Puthigai, Savita; Bradford, William S. ","Sheila Tweed, the lawyer for this turbine product, has approved all of the counterparties on the attached list to trade this product, EXCEPT The City of Tacoma, Dept. of Public Utilities.  Let me know if you need anything further from me."
2,"Hi Kevin,
I appreciate the notice.
I’ll start reviewing the list right away and aim to have everything approved by Friday 2 PM.
Let me know if you encounter any issues with the file.
Thanks!",0.09990074994949752,0.7226890756302521,0.15789473684210525,0.003589338693265433,False,9496bf2df1,a31a43c194,instruction,"From: 	Meredith, Kevin Sent:	Thursday, September 20, 2001 3:58 PM To:	Jones, Tana; Lambert, Karen Subject:	FW: CGT Option Credit Access List

The attached document is a list of counterparties that must be reviewed and approved by 2:00PM Friday.  All counterparties will have ""read"" access to the product, which is a Physical Turbine option, and the following list will have execute access.  Please contact me at 3-9555 or Karen O'Day at 5-4135 if you have questions.

Kevin

From: 	Thome, Stephen Sent:	Thursday, September 20, 2001 3:05 PM To:	Meredith, Kevin; Puthigai, Savita; Bradford, William S. ","Sheila Tweed, the lawyer for this turbine product, has approved all of the counterparties on the attached list to trade this product, EXCEPT The City of Tacoma, Dept. of Public Utilities.  Let me know if you need anything further from me."
3,"Kevin, thanks for forwarding the CGT Option Credit Access List.
I will review all counterparties and provide execute‑access approvals where required before the 2 PM cutoff.
Please ping me if you need clarification on any entry.
Much appreciated!",0.11716831339132967,0.7428571428571429,0.16666666666666666,0.03440152662856551,False,9496bf2df1,a31a43c194,instruction,"From: 	Meredith, Kevin Sent:	Thursday, September 20, 2001 3:58 PM To:	Jones, Tana; Lambert, Karen Subject:	FW: CGT Option Credit Access List

The attached document is a list of counterparties that must be reviewed and approved by 2:00PM Friday.  All counterparties will have ""read"" access to the product, which is a Physical Turbine option, and the following list will have execute access.  Please contact me at 3-9555 or Karen O'Day at 5-4135 if you have questions.

Kevin

From: 	Thome, Stephen Sent:	Thursday, September 20, 2001 3:05 PM To:	Meredith, Kevin; Puthigai, Savita; Bradford, William S. ","Sheila Tweed, the lawyer for this turbine product, has approved all of the counterparties on the attached list to trade this product, EXCEPT The City of Tacoma, Dept. of Public Utilities.  Let me know if you need anything further from me."
4,"""Sure thing, Kevin!\nI’m on it and will have the list vetted and approved by Friday afternoon.\nIf the attachment is missing, just let me know and I’ll request a copy.\nThanks for the",0.09796448505549235,0.7142857142857143,0.14035087719298245,-0.0052253113553091925,False,9496bf2df1,a31a43c194,instruction,"From: 	Meredith, Kevin Sent:	Thursday, September 20, 2001 3:58 PM To:	Jones, Tana; Lambert, Karen Subject:	FW: CGT Option Credit Access List

The attached document is a list of counterparties that must be reviewed and approved by 2:00PM Friday.  All counterparties will have ""read"" access to the product, which is a Physical Turbine option, and the following list will have execute access.  Please contact me at 3-9555 or Karen O'Day at 5-4135 if you have questions.

Kevin

From: 	Thome, Stephen Sent:	Thursday, September 20, 2001 3:05 PM To:	Meredith, Kevin; Puthigai, Savita; Bradford, William S. ","Sheila Tweed, the lawyer for this turbine product, has approved all of the counterparties on the attached list to trade this product, EXCEPT The City of Tacoma, Dept. of Public Utilities.  Let me know if you need anything further from me."
0,Not at all — looking forward to hearing your perspective and the lively discussion.,0.08300494320640346,0.8199445983379502,0.05084745762711865,-0.09146741732760753,False,20123faa32,ffb12f73b8,neutral,"From: 	McCullough, Travis Sent:	Thursday, July 19, 2001 12:50 PM To:	Sager, Elizabeth Subject:	RE: ISDA North American Energy and Developing Products Committee Meet	ing- July 27, 2001 --11:30 a.m.(EST)/10:30 a.m.(Central)

thanks -- I'm really looking forward to sharing my thoughts on this topic.  It's high time that people start seeing things my way on the whole subject of cross-commodity master trading agreements, and this is just the forum for me to further my agenda and launch my diabolical master plan ... BWAAA-HA-HA-HA-HA-HA.

Am I scaring you?

Travis C. McCullough Enron North America C","Dear Mark

While your judgment is normally so sound, do you really think we are headed in the right direction here with next Friday's designated speaker.  Is this appropriate for this super important, interested, motivated and highly discriminating group?  Enthusiasm is evident but  ....

Your dutiful, obedient servant, only desirous of what's best for Enron."
1,Your enthusiasm is contagious; can't wait to see what you bring to the table.,0.07135544381152635,0.8448753462603878,0.08771929824561403,-0.09138999664766012,False,20123faa32,ffb12f73b8,neutral,"From: 	McCullough, Travis Sent:	Thursday, July 19, 2001 12:50 PM To:	Sager, Elizabeth Subject:	RE: ISDA North American Energy and Developing Products Committee Meet	ing- July 27, 2001 --11:30 a.m.(EST)/10:30 a.m.(Central)

thanks -- I'm really looking forward to sharing my thoughts on this topic.  It's high time that people start seeing things my way on the whole subject of cross-commodity master trading agreements, and this is just the forum for me to further my agenda and launch my diabolical master plan ... BWAAA-HA-HA-HA-HA-HA.

Am I scaring you?

Travis C. McCullough Enron North America C","Dear Mark

While your judgment is normally so sound, do you really think we are headed in the right direction here with next Friday's designated speaker.  Is this appropriate for this super important, interested, motivated and highly discriminating group?  Enthusiasm is evident but  ....

Your dutiful, obedient servant, only desirous of what's best for Enron."
2,"A little intimidated, but mostly excited to learn from your experience.",0.053155130711982954,0.8587257617728532,0.034482758620689655,0.15926957075230788,False,20123faa32,ffb12f73b8,neutral,"From: 	McCullough, Travis Sent:	Thursday, July 19, 2001 12:50 PM To:	Sager, Elizabeth Subject:	RE: ISDA North American Energy and Developing Products Committee Meet	ing- July 27, 2001 --11:30 a.m.(EST)/10:30 a.m.(Central)

thanks -- I'm really looking forward to sharing my thoughts on this topic.  It's high time that people start seeing things my way on the whole subject of cross-commodity master trading agreements, and this is just the forum for me to further my agenda and launch my diabolical master plan ... BWAAA-HA-HA-HA-HA-HA.

Am I scaring you?

Travis C. McCullough Enron North America C","Dear Mark

While your judgment is normally so sound, do you really think we are headed in the right direction here with next Friday's designated speaker.  Is this appropriate for this super important, interested, motivated and highly discriminating group?  Enthusiasm is evident but  ....

Your dutiful, obedient servant, only desirous of what's best for Enron."
3,"If it's a diabolical plan, I hope it includes some good coffee for the committee.",0.06405062235960964,0.8476454293628809,0.03225806451612903,0.09960565222921554,False,20123faa32,ffb12f73b8,neutral,"From: 	McCullough, Travis Sent:	Thursday, July 19, 2001 12:50 PM To:	Sager, Elizabeth Subject:	RE: ISDA North American Energy and Developing Products Committee Meet	ing- July 27, 2001 --11:30 a.m.(EST)/10:30 a.m.(Central)

thanks -- I'm really looking forward to sharing my thoughts on this topic.  It's high time that people start seeing things my way on the whole subject of cross-commodity master trading agreements, and this is just the forum for me to further my agenda and launch my diabolical master plan ... BWAAA-HA-HA-HA-HA-HA.

Am I scaring you?

Travis C. McCullough Enron North America C","Dear Mark

While your judgment is normally so sound, do you really think we are headed in the right direction here with next Friday's designated speaker.  Is this appropriate for this super important, interested, motivated and highly discriminating group?  Enthusiasm is evident but  ....

Your dutiful, obedient servant, only desirous of what's best for Enron."
4,Count me in for the debate — let's make those master agreements work for everyone.,0.07925959699978287,0.8227146814404432,0.05084745762711865,0.05153372366574513,False,20123faa32,ffb12f73b8,neutral,"From: 	McCullough, Travis Sent:	Thursday, July 19, 2001 12:50 PM To:	Sager, Elizabeth Subject:	RE: ISDA North American Energy and Developing Products Committee Meet	ing- July 27, 2001 --11:30 a.m.(EST)/10:30 a.m.(Central)

thanks -- I'm really looking forward to sharing my thoughts on this topic.  It's high time that people start seeing things my way on the whole subject of cross-commodity master trading agreements, and this is just the forum for me to further my agenda and launch my diabolical master plan ... BWAAA-HA-HA-HA-HA-HA.

Am I scaring you?

Travis C. McCullough Enron North America C","Dear Mark

While your judgment is normally so sound, do you really think we are headed in the right direction here with next Friday's designated speaker.  Is this appropriate for this super important, interested, motivated and highly discriminating group?  Enthusiasm is evident but  ....

Your dutiful, obedient servant, only desirous of what's best for Enron."
0,Not at all — looking forward to hearing your ideas (and maybe a laugh) at the meeting.,0.08167622935516011,0.8393351800554016,0.04918032786885246,0.12074151244860443,False,20123faa32,ffb12f73b8,fewshot,"From: 	McCullough, Travis Sent:	Thursday, July 19, 2001 12:50 PM To:	Sager, Elizabeth Subject:	RE: ISDA North American Energy and Developing Products Committee Meet	ing- July 27, 2001 --11:30 a.m.(EST)/10:30 a.m.(Central)

thanks -- I'm really looking forward to sharing my thoughts on this topic.  It's high time that people start seeing things my way on the whole subject of cross-commodity master trading agreements, and this is just the forum for me to further my agenda and launch my diabolical master plan ... BWAAA-HA-HA-HA-HA-HA.

Am I scaring you?

Travis C. McCullough Enron North America C","Dear Mark

While your judgment is normally so sound, do you really think we are headed in the right direction here with next Friday's designated speaker.  Is this appropriate for this super important, interested, motivated and highly discriminating group?  Enthusiasm is evident but  ....

Your dutiful, obedient servant, only desirous of what's best for Enron."
1,Your enthusiasm is contagious! See you on the 27th.,0.0480696031471758,0.8808864265927978,0.09433962264150944,0.04743328626494558,False,20123faa32,ffb12f73b8,fewshot,"From: 	McCullough, Travis Sent:	Thursday, July 19, 2001 12:50 PM To:	Sager, Elizabeth Subject:	RE: ISDA North American Energy and Developing Products Committee Meet	ing- July 27, 2001 --11:30 a.m.(EST)/10:30 a.m.(Central)

thanks -- I'm really looking forward to sharing my thoughts on this topic.  It's high time that people start seeing things my way on the whole subject of cross-commodity master trading agreements, and this is just the forum for me to further my agenda and launch my diabolical master plan ... BWAAA-HA-HA-HA-HA-HA.

Am I scaring you?

Travis C. McCullough Enron North America C","Dear Mark

While your judgment is normally so sound, do you really think we are headed in the right direction here with next Friday's designated speaker.  Is this appropriate for this super important, interested, motivated and highly discriminating group?  Enthusiasm is evident but  ....

Your dutiful, obedient servant, only desirous of what's best for Enron."
2,Only if you promise not to unleash any diabolical plans before lunch. 😄,0.05815170674034371,0.8642659279778393,0.03389830508474576,0.13963377833759774,False,20123faa32,ffb12f73b8,fewshot,"From: 	McCullough, Travis Sent:	Thursday, July 19, 2001 12:50 PM To:	Sager, Elizabeth Subject:	RE: ISDA North American Energy and Developing Products Committee Meet	ing- July 27, 2001 --11:30 a.m.(EST)/10:30 a.m.(Central)

thanks -- I'm really looking forward to sharing my thoughts on this topic.  It's high time that people start seeing things my way on the whole subject of cross-commodity master trading agreements, and this is just the forum for me to further my agenda and launch my diabolical master plan ... BWAAA-HA-HA-HA-HA-HA.

Am I scaring you?

Travis C. McCullough Enron North America C","Dear Mark

While your judgment is normally so sound, do you really think we are headed in the right direction here with next Friday's designated speaker.  Is this appropriate for this super important, interested, motivated and highly discriminating group?  Enthusiasm is evident but  ....

Your dutiful, obedient servant, only desirous of what's best for Enron."
3,Count me in — let's make sure the master trading agreements get the attention they deserve.,0.09313406452905446,0.8088642659279779,0.03278688524590164,0.003097878149704774,False,20123faa32,ffb12f73b8,fewshot,"From: 	McCullough, Travis Sent:	Thursday, July 19, 2001 12:50 PM To:	Sager, Elizabeth Subject:	RE: ISDA North American Energy and Developing Products Committee Meet	ing- July 27, 2001 --11:30 a.m.(EST)/10:30 a.m.(Central)

thanks -- I'm really looking forward to sharing my thoughts on this topic.  It's high time that people start seeing things my way on the whole subject of cross-commodity master trading agreements, and this is just the forum for me to further my agenda and launch my diabolical master plan ... BWAAA-HA-HA-HA-HA-HA.

Am I scaring you?

Travis C. McCullough Enron North America C","Dear Mark

While your judgment is normally so sound, do you really think we are headed in the right direction here with next Friday's designated speaker.  Is this appropriate for this super important, interested, motivated and highly discriminating group?  Enthusiasm is evident but  ....

Your dutiful, obedient servant, only desirous of what's best for Enron."
4,"Ha! Not scared, just excited to see what you bring to the table.",0.07019194766326312,0.8614958448753463,0.03389830508474576,0.174563239010139,False,20123faa32,ffb12f73b8,fewshot,"From: 	McCullough, Travis Sent:	Thursday, July 19, 2001 12:50 PM To:	Sager, Elizabeth Subject:	RE: ISDA North American Energy and Developing Products Committee Meet	ing- July 27, 2001 --11:30 a.m.(EST)/10:30 a.m.(Central)

thanks -- I'm really looking forward to sharing my thoughts on this topic.  It's high time that people start seeing things my way on the whole subject of cross-commodity master trading agreements, and this is just the forum for me to further my agenda and launch my diabolical master plan ... BWAAA-HA-HA-HA-HA-HA.

Am I scaring you?

Travis C. McCullough Enron North America C","Dear Mark

While your judgment is normally so sound, do you really think we are headed in the right direction here with next Friday's designated speaker.  Is this appropriate for this super important, interested, motivated and highly discriminating group?  Enthusiasm is evident but  ....

Your dutiful, obedient servant, only desirous of what's best for Enron."
0,"thanks for the enthusiasm, travis. i’m curious—what specific aspects of cross‑commodity master trading agreements do you hope to highlight at the meeting?",0.08387505905989112,0.7673130193905817,0.08955223880597014,-0.047650604976403416,False,20123faa32,ffb12f73b8,instruction,"From: 	McCullough, Travis Sent:	Thursday, July 19, 2001 12:50 PM To:	Sager, Elizabeth Subject:	RE: ISDA North American Energy and Developing Products Committee Meet	ing- July 27, 2001 --11:30 a.m.(EST)/10:30 a.m.(Central)

thanks -- I'm really looking forward to sharing my thoughts on this topic.  It's high time that people start seeing things my way on the whole subject of cross-commodity master trading agreements, and this is just the forum for me to further my agenda and launch my diabolical master plan ... BWAAA-HA-HA-HA-HA-HA.

Am I scaring you?

Travis C. McCullough Enron North America C","Dear Mark

While your judgment is normally so sound, do you really think we are headed in the right direction here with next Friday's designated speaker.  Is this appropriate for this super important, interested, motivated and highly discriminating group?  Enthusiasm is evident but  ....

Your dutiful, obedient servant, only desirous of what's best for Enron."
1,"Hi Travis,
Your energy is contagious. Could you share a brief outline of the points you plan to raise so we can prepare accordingly?",0.08935389127192941,0.775623268698061,0.1076923076923077,-0.004564898600806114,False,20123faa32,ffb12f73b8,instruction,"From: 	McCullough, Travis Sent:	Thursday, July 19, 2001 12:50 PM To:	Sager, Elizabeth Subject:	RE: ISDA North American Energy and Developing Products Committee Meet	ing- July 27, 2001 --11:30 a.m.(EST)/10:30 a.m.(Central)

thanks -- I'm really looking forward to sharing my thoughts on this topic.  It's high time that people start seeing things my way on the whole subject of cross-commodity master trading agreements, and this is just the forum for me to further my agenda and launch my diabolical master plan ... BWAAA-HA-HA-HA-HA-HA.

Am I scaring you?

Travis C. McCullough Enron North America C","Dear Mark

While your judgment is normally so sound, do you really think we are headed in the right direction here with next Friday's designated speaker.  Is this appropriate for this super important, interested, motivated and highly discriminating group?  Enthusiasm is evident but  ....

Your dutiful, obedient servant, only desirous of what's best for Enron."
2,i appreciate your confidence. what’s the biggest hurdle you anticipate getting others to see things your way?,0.08328979284599211,0.8060941828254847,0.047619047619047616,0.06119739886026575,False,20123faa32,ffb12f73b8,instruction,"From: 	McCullough, Travis Sent:	Thursday, July 19, 2001 12:50 PM To:	Sager, Elizabeth Subject:	RE: ISDA North American Energy and Developing Products Committee Meet	ing- July 27, 2001 --11:30 a.m.(EST)/10:30 a.m.(Central)

thanks -- I'm really looking forward to sharing my thoughts on this topic.  It's high time that people start seeing things my way on the whole subject of cross-commodity master trading agreements, and this is just the forum for me to further my agenda and launch my diabolical master plan ... BWAAA-HA-HA-HA-HA-HA.

Am I scaring you?

Travis C. McCullough Enron North America C","Dear Mark

While your judgment is normally so sound, do you really think we are headed in the right direction here with next Friday's designated speaker.  Is this appropriate for this super important, interested, motivated and highly discriminating group?  Enthusiasm is evident but  ....

Your dutiful, obedient servant, only desirous of what's best for Enron."
3,"Thanks for the heads‑up, Travis.
I’m interested in how you envision the master plan influencing future commodity trading frameworks.",0.08137363867982009,0.778393351800554,0.078125,0.0902019273565475,False,20123faa32,ffb12f73b8,instruction,"From: 	McCullough, Travis Sent:	Thursday, July 19, 2001 12:50 PM To:	Sager, Elizabeth Subject:	RE: ISDA North American Energy and Developing Products Committee Meet	ing- July 27, 2001 --11:30 a.m.(EST)/10:30 a.m.(Central)

thanks -- I'm really looking forward to sharing my thoughts on this topic.  It's high time that people start seeing things my way on the whole subject of cross-commodity master trading agreements, and this is just the forum for me to further my agenda and launch my diabolical master plan ... BWAAA-HA-HA-HA-HA-HA.

Am I scaring you?

Travis C. McCullough Enron North America C","Dear Mark

While your judgment is normally so sound, do you really think we are headed in the right direction here with next Friday's designated speaker.  Is this appropriate for this super important, interested, motivated and highly discriminating group?  Enthusiasm is evident but  ....

Your dutiful, obedient servant, only desirous of what's best for Enron."
4,"your enthusiasm is notable; could you clarify which specific clauses you think need revision, and how you’d like us to support your agenda during the session?",0.08309611989423427,0.7562326869806094,0.10606060606060606,-0.2293275178702242,False,20123faa32,ffb12f73b8,instruction,"From: 	McCullough, Travis Sent:	Thursday, July 19, 2001 12:50 PM To:	Sager, Elizabeth Subject:	RE: ISDA North American Energy and Developing Products Committee Meet	ing- July 27, 2001 --11:30 a.m.(EST)/10:30 a.m.(Central)

thanks -- I'm really looking forward to sharing my thoughts on this topic.  It's high time that people start seeing things my way on the whole subject of cross-commodity master trading agreements, and this is just the forum for me to further my agenda and launch my diabolical master plan ... BWAAA-HA-HA-HA-HA-HA.

Am I scaring you?

Travis C. McCullough Enron North America C","Dear Mark

While your judgment is normally so sound, do you really think we are headed in the right direction here with next Friday's designated speaker.  Is this appropriate for this super important, interested, motivated and highly discriminating group?  Enthusiasm is evident but  ....

Your dutiful, obedient servant, only desirous of what's best for Enron."
0,"Hi Mark, The 'agreed plan' refers to the budget allocation that EIM and Finance have signed off on for 2002. They have not yet held a formal meeting with us, but we can schedule one next week.",0.1545373662194477,0.7807486631016043,0.13978494623655913,0.14212095405048625,False,da501405e0,9b79c8b0e5,neutral,"From: 	Pickering, Mark Sent:	Friday, October  12, 2001 9:50 AM To:	Beck, Sally Subject:	RE: 2002 Corporate Allocations to EIM

Hi Sally,

When EIM say 'agreed plan' what does that mean? Have they had any conversations with us yet?

Regards

Mark Pickering Chief Technology Officer

Enron Net Works, LLC

_____

From: 	Valdez, Christina   On Behalf Of Beck, Sally Sent:	12 October 2001 09:15 To:	Pickering, Mark; Piper, Greg Subject:	FW: 2002 Corporate Allocations to EIM

Re:  Attachment, here it is again......let me know if you receive attachment this time.

Christina

From: 	Castleman, Kent Sent:","Our meeting with EIM is set for Monday, October 12th from 9:00 to 10:30.  Ray Bowen has already reviewed the operations budget with Kevin Sweeney - Ray just initiated that meeting himself with Kevin one day last week, spur of the moment.  But that is the only meeting regarding ENW budgets that has taken place.  I have been working with Kent Castleman (EIM's CAO) since last week to arrange our meeting now set for Monday.

I think that by ""agreed plan"", McMahon just means that is the amount that at this point EIM is saying they are willing to take.  --Sally"
1,"Mark, EIM's 'agreed plan' means the preliminary allocation they've agreed upon with Corporate Finance. As of today, there haven't been any direct discussions with our team; I'll reach out to set up a call.",0.13756346421113066,0.7789661319073083,0.10638297872340426,0.11697198171417536,False,da501405e0,9b79c8b0e5,neutral,"From: 	Pickering, Mark Sent:	Friday, October  12, 2001 9:50 AM To:	Beck, Sally Subject:	RE: 2002 Corporate Allocations to EIM

Hi Sally,

When EIM say 'agreed plan' what does that mean? Have they had any conversations with us yet?

Regards

Mark Pickering Chief Technology Officer

Enron Net Works, LLC

_____

From: 	Valdez, Christina   On Behalf Of Beck, Sally Sent:	12 October 2001 09:15 To:	Pickering, Mark; Piper, Greg Subject:	FW: 2002 Corporate Allocations to EIM

Re:  Attachment, here it is again......let me know if you receive attachment this time.

Christina

From: 	Castleman, Kent Sent:","Our meeting with EIM is set for Monday, October 12th from 9:00 to 10:30.  Ray Bowen has already reviewed the operations budget with Kevin Sweeney - Ray just initiated that meeting himself with Kevin one day last week, spur of the moment.  But that is the only meeting regarding ENW budgets that has taken place.  I have been working with Kent Castleman (EIM's CAO) since last week to arrange our meeting now set for Monday.

I think that by ""agreed plan"", McMahon just means that is the amount that at this point EIM is saying they are willing to take.  --Sally"
2,"Hello Mark, The term indicates that EIM has finalized the allocation numbers with the Corporate Allocations committee. No conversations with us have occurred yet; I propose a meeting on Thursday to review.",0.15454522597366444,0.7789661319073083,0.0989010989010989,0.15672266544656613,False,da501405e0,9b79c8b0e5,neutral,"From: 	Pickering, Mark Sent:	Friday, October  12, 2001 9:50 AM To:	Beck, Sally Subject:	RE: 2002 Corporate Allocations to EIM

Hi Sally,

When EIM say 'agreed plan' what does that mean? Have they had any conversations with us yet?

Regards

Mark Pickering Chief Technology Officer

Enron Net Works, LLC

_____

From: 	Valdez, Christina   On Behalf Of Beck, Sally Sent:	12 October 2001 09:15 To:	Pickering, Mark; Piper, Greg Subject:	FW: 2002 Corporate Allocations to EIM

Re:  Attachment, here it is again......let me know if you receive attachment this time.

Christina

From: 	Castleman, Kent Sent:","Our meeting with EIM is set for Monday, October 12th from 9:00 to 10:30.  Ray Bowen has already reviewed the operations budget with Kevin Sweeney - Ray just initiated that meeting himself with Kevin one day last week, spur of the moment.  But that is the only meeting regarding ENW budgets that has taken place.  I have been working with Kent Castleman (EIM's CAO) since last week to arrange our meeting now set for Monday.

I think that by ""agreed plan"", McMahon just means that is the amount that at this point EIM is saying they are willing to take.  --Sally"
3,"Mark, 'agreed plan' is the allocation figure that EIM has confirmed with the Corporate Allocations group. They haven't spoken with us yet; I can arrange a briefing for early next week.",0.1324095649014173,0.7967914438502673,0.12359550561797752,0.008233617312173754,False,da501405e0,9b79c8b0e5,neutral,"From: 	Pickering, Mark Sent:	Friday, October  12, 2001 9:50 AM To:	Beck, Sally Subject:	RE: 2002 Corporate Allocations to EIM

Hi Sally,

When EIM say 'agreed plan' what does that mean? Have they had any conversations with us yet?

Regards

Mark Pickering Chief Technology Officer

Enron Net Works, LLC

_____

From: 	Valdez, Christina   On Behalf Of Beck, Sally Sent:	12 October 2001 09:15 To:	Pickering, Mark; Piper, Greg Subject:	FW: 2002 Corporate Allocations to EIM

Re:  Attachment, here it is again......let me know if you receive attachment this time.

Christina

From: 	Castleman, Kent Sent:","Our meeting with EIM is set for Monday, October 12th from 9:00 to 10:30.  Ray Bowen has already reviewed the operations budget with Kevin Sweeney - Ray just initiated that meeting himself with Kevin one day last week, spur of the moment.  But that is the only meeting regarding ENW budgets that has taken place.  I have been working with Kent Castleman (EIM's CAO) since last week to arrange our meeting now set for Monday.

I think that by ""agreed plan"", McMahon just means that is the amount that at this point EIM is saying they are willing to take.  --Sally"
4,"Hi Mark, It means EIM has settled on the allocation amount they will recommend. No talks with us have taken place so far; let's sync up to discuss implications.",0.12322420735323028,0.8021390374331551,0.12359550561797752,0.05971217396229132,False,da501405e0,9b79c8b0e5,neutral,"From: 	Pickering, Mark Sent:	Friday, October  12, 2001 9:50 AM To:	Beck, Sally Subject:	RE: 2002 Corporate Allocations to EIM

Hi Sally,

When EIM say 'agreed plan' what does that mean? Have they had any conversations with us yet?

Regards

Mark Pickering Chief Technology Officer

Enron Net Works, LLC

_____

From: 	Valdez, Christina   On Behalf Of Beck, Sally Sent:	12 October 2001 09:15 To:	Pickering, Mark; Piper, Greg Subject:	FW: 2002 Corporate Allocations to EIM

Re:  Attachment, here it is again......let me know if you receive attachment this time.

Christina

From: 	Castleman, Kent Sent:","Our meeting with EIM is set for Monday, October 12th from 9:00 to 10:30.  Ray Bowen has already reviewed the operations budget with Kevin Sweeney - Ray just initiated that meeting himself with Kevin one day last week, spur of the moment.  But that is the only meeting regarding ENW budgets that has taken place.  I have been working with Kent Castleman (EIM's CAO) since last week to arrange our meeting now set for Monday.

I think that by ""agreed plan"", McMahon just means that is the amount that at this point EIM is saying they are willing to take.  --Sally"
0,"Hi Mark, The 'agreed plan' refers to the allocation framework we finalized with EIM last quarter outlining the budget and responsibilities for the 2002 corporate allocations. We haven't had a direct conversation with EIM yet on the specifics for 2002, but we can set up a call next week if you'd like. --Sally",0.1638969609707143,0.7254901960784313,0.10784313725490197,0.2629142428119903,False,da501405e0,9b79c8b0e5,fewshot,"From: 	Pickering, Mark Sent:	Friday, October  12, 2001 9:50 AM To:	Beck, Sally Subject:	RE: 2002 Corporate Allocations to EIM

Hi Sally,

When EIM say 'agreed plan' what does that mean? Have they had any conversations with us yet?

Regards

Mark Pickering Chief Technology Officer

Enron Net Works, LLC

_____

From: 	Valdez, Christina   On Behalf Of Beck, Sally Sent:	12 October 2001 09:15 To:	Pickering, Mark; Piper, Greg Subject:	FW: 2002 Corporate Allocations to EIM

Re:  Attachment, here it is again......let me know if you receive attachment this time.

Christina

From: 	Castleman, Kent Sent:","Our meeting with EIM is set for Monday, October 12th from 9:00 to 10:30.  Ray Bowen has already reviewed the operations budget with Kevin Sweeney - Ray just initiated that meeting himself with Kevin one day last week, spur of the moment.  But that is the only meeting regarding ENW budgets that has taken place.  I have been working with Kent Castleman (EIM's CAO) since last week to arrange our meeting now set for Monday.

I think that by ""agreed plan"", McMahon just means that is the amount that at this point EIM is saying they are willing to take.  --Sally"
1,"Mark, The agreed plan is the documented agreement between EIM and our finance team detailing the allocation amounts and timelines for the upcoming year. To date, we haven't spoken with EIM about the 2002 figures; I'll reach out to their liaison today and keep you posted. --Sally",0.17154175415003117,0.7290552584670231,0.1,-0.0203337245610719,False,da501405e0,9b79c8b0e5,fewshot,"From: 	Pickering, Mark Sent:	Friday, October  12, 2001 9:50 AM To:	Beck, Sally Subject:	RE: 2002 Corporate Allocations to EIM

Hi Sally,

When EIM say 'agreed plan' what does that mean? Have they had any conversations with us yet?

Regards

Mark Pickering Chief Technology Officer

Enron Net Works, LLC

_____

From: 	Valdez, Christina   On Behalf Of Beck, Sally Sent:	12 October 2001 09:15 To:	Pickering, Mark; Piper, Greg Subject:	FW: 2002 Corporate Allocations to EIM

Re:  Attachment, here it is again......let me know if you receive attachment this time.

Christina

From: 	Castleman, Kent Sent:","Our meeting with EIM is set for Monday, October 12th from 9:00 to 10:30.  Ray Bowen has already reviewed the operations budget with Kevin Sweeney - Ray just initiated that meeting himself with Kevin one day last week, spur of the moment.  But that is the only meeting regarding ENW budgets that has taken place.  I have been working with Kent Castleman (EIM's CAO) since last week to arrange our meeting now set for Monday.

I think that by ""agreed plan"", McMahon just means that is the amount that at this point EIM is saying they are willing to take.  --Sally"
2,"Hey Mark, When EIM mentions an 'agreed plan' they mean the mutually approved allocation schedule we signed off on in the September meeting. We haven't yet had a follow‑up discussion with them regarding the 2002 numbers, but I can arrange a brief meeting early next week. --Sally",0.16599517505295552,0.7344028520499108,0.10679611650485436,0.18474427399803328,False,da501405e0,9b79c8b0e5,fewshot,"From: 	Pickering, Mark Sent:	Friday, October  12, 2001 9:50 AM To:	Beck, Sally Subject:	RE: 2002 Corporate Allocations to EIM

Hi Sally,

When EIM say 'agreed plan' what does that mean? Have they had any conversations with us yet?

Regards

Mark Pickering Chief Technology Officer

Enron Net Works, LLC

_____

From: 	Valdez, Christina   On Behalf Of Beck, Sally Sent:	12 October 2001 09:15 To:	Pickering, Mark; Piper, Greg Subject:	FW: 2002 Corporate Allocations to EIM

Re:  Attachment, here it is again......let me know if you receive attachment this time.

Christina

From: 	Castleman, Kent Sent:","Our meeting with EIM is set for Monday, October 12th from 9:00 to 10:30.  Ray Bowen has already reviewed the operations budget with Kevin Sweeney - Ray just initiated that meeting himself with Kevin one day last week, spur of the moment.  But that is the only meeting regarding ENW budgets that has taken place.  I have been working with Kent Castleman (EIM's CAO) since last week to arrange our meeting now set for Monday.

I think that by ""agreed plan"", McMahon just means that is the amount that at this point EIM is saying they are willing to take.  --Sally"
3,"Mark, The term 'agreed plan' is the set of allocation parameters that EIM and our corporate finance group have already confirmed. We haven't had any further talks with EIM about the 2002 cycle; I'll touch base with their analyst later today and let you know what they say. --Sally",0.1682829845456693,0.7344028520499108,0.11650485436893204,0.1394257381930014,False,da501405e0,9b79c8b0e5,fewshot,"From: 	Pickering, Mark Sent:	Friday, October  12, 2001 9:50 AM To:	Beck, Sally Subject:	RE: 2002 Corporate Allocations to EIM

Hi Sally,

When EIM say 'agreed plan' what does that mean? Have they had any conversations with us yet?

Regards

Mark Pickering Chief Technology Officer

Enron Net Works, LLC

_____

From: 	Valdez, Christina   On Behalf Of Beck, Sally Sent:	12 October 2001 09:15 To:	Pickering, Mark; Piper, Greg Subject:	FW: 2002 Corporate Allocations to EIM

Re:  Attachment, here it is again......let me know if you receive attachment this time.

Christina

From: 	Castleman, Kent Sent:","Our meeting with EIM is set for Monday, October 12th from 9:00 to 10:30.  Ray Bowen has already reviewed the operations budget with Kevin Sweeney - Ray just initiated that meeting himself with Kevin one day last week, spur of the moment.  But that is the only meeting regarding ENW budgets that has taken place.  I have been working with Kent Castleman (EIM's CAO) since last week to arrange our meeting now set for Monday.

I think that by ""agreed plan"", McMahon just means that is the amount that at this point EIM is saying they are willing to take.  --Sally"
4,"Hi Mark, An 'agreed plan' is the baseline allocation document that both parties have signed off on for the 2002 fiscal year. As of now, there hasn't been a direct conversation with EIM regarding any updates; I'll initiate a call with them tomorrow and update you afterward. --Sally",0.16638801454480756,0.7415329768270945,0.11538461538461539,-0.025814324809099648,False,da501405e0,9b79c8b0e5,fewshot,"From: 	Pickering, Mark Sent:	Friday, October  12, 2001 9:50 AM To:	Beck, Sally Subject:	RE: 2002 Corporate Allocations to EIM

Hi Sally,

When EIM say 'agreed plan' what does that mean? Have they had any conversations with us yet?

Regards

Mark Pickering Chief Technology Officer

Enron Net Works, LLC

_____

From: 	Valdez, Christina   On Behalf Of Beck, Sally Sent:	12 October 2001 09:15 To:	Pickering, Mark; Piper, Greg Subject:	FW: 2002 Corporate Allocations to EIM

Re:  Attachment, here it is again......let me know if you receive attachment this time.

Christina

From: 	Castleman, Kent Sent:","Our meeting with EIM is set for Monday, October 12th from 9:00 to 10:30.  Ray Bowen has already reviewed the operations budget with Kevin Sweeney - Ray just initiated that meeting himself with Kevin one day last week, spur of the moment.  But that is the only meeting regarding ENW budgets that has taken place.  I have been working with Kent Castleman (EIM's CAO) since last week to arrange our meeting now set for Monday.

I think that by ""agreed plan"", McMahon just means that is the amount that at this point EIM is saying they are willing to take.  --Sally"
0,"Hey Steve, thanks for the update. I've been swamped but I'll make sure to check my inbox more regularly. Let's catch up soon.",0.07834564664203454,0.9014869888475836,0.05844155844155844,-0.1964507790005495,False,66d4d54567,a0afd6458d,neutral,"From: 	""Lafontaine, Steve"" <steve.lafontaine@bankofamerica.com>@ENRON [mailto:IMCEANOTES-+22Lafontaine+2C+20Steve+22+20+3Csteve+2Elafontaine+40bankofamerica+2Ecom+3E+40ENRON@ENRON.com] Sent:	Friday, October 05, 2001 12:32 PM To:	Lafontaine, Steve; jarnold@enron.com Subject:	RE: wheres the love?

well the mkts changed a bit since this writing. im more neturalish now i guess. suprised about the cash strongth. and i guess it doesnt mattr CUZ YOU DONT ANSWER YOUR EMAILS ANYWAY. regards

From: 	LaFontaine, Steve Sent:	Friday, September 21, 2001 4:40 PM To:	John Arnold (E-mail) Subject:	whats up you","Sorry,sorry, sorry. Havent had internet access at home for past 5 weeks.  Much easier to write these at home as when I'm done trading I don't want to look at my computer. For november, very neutral.  Cash is impressive.  Agree shutins, switching, and some weather are making market look more like equilibrium.  Think with cash/futures at 20 cents, x/z looks crazy.  As soon as z becomes prompt, the fear factor/risk premium of it will decrease and the whole winter will come off.  Like your h/j trade.  Hard to see it really being worth 9 cents at settlement.  Been buying a lot of y/y cantango as I think next summer will be a piece but longer term gas story still very real and customers know it.  Wouldnt be surprised to see 2/3 go to 50+.  I think x has some room to go up, but not a lot.  Dont want to play the market from the long side as been burned before trying to get long a market that is still in a downtrend.  Seems like the curve will just keep rolling down with each expiry.  All the winter months might settle 2.25.  As such, the best thing to be short is jan."
1,"Hi Steve, appreciate the market insight. I'll work on being more responsive. How about a quick call next week?",0.08122383811228218,0.9107806691449815,0.0392156862745098,-0.10147798663760517,False,66d4d54567,a0afd6458d,neutral,"From: 	""Lafontaine, Steve"" <steve.lafontaine@bankofamerica.com>@ENRON [mailto:IMCEANOTES-+22Lafontaine+2C+20Steve+22+20+3Csteve+2Elafontaine+40bankofamerica+2Ecom+3E+40ENRON@ENRON.com] Sent:	Friday, October 05, 2001 12:32 PM To:	Lafontaine, Steve; jarnold@enron.com Subject:	RE: wheres the love?

well the mkts changed a bit since this writing. im more neturalish now i guess. suprised about the cash strongth. and i guess it doesnt mattr CUZ YOU DONT ANSWER YOUR EMAILS ANYWAY. regards

From: 	LaFontaine, Steve Sent:	Friday, September 21, 2001 4:40 PM To:	John Arnold (E-mail) Subject:	whats up you","Sorry,sorry, sorry. Havent had internet access at home for past 5 weeks.  Much easier to write these at home as when I'm done trading I don't want to look at my computer. For november, very neutral.  Cash is impressive.  Agree shutins, switching, and some weather are making market look more like equilibrium.  Think with cash/futures at 20 cents, x/z looks crazy.  As soon as z becomes prompt, the fear factor/risk premium of it will decrease and the whole winter will come off.  Like your h/j trade.  Hard to see it really being worth 9 cents at settlement.  Been buying a lot of y/y cantango as I think next summer will be a piece but longer term gas story still very real and customers know it.  Wouldnt be surprised to see 2/3 go to 50+.  I think x has some room to go up, but not a lot.  Dont want to play the market from the long side as been burned before trying to get long a market that is still in a downtrend.  Seems like the curve will just keep rolling down with each expiry.  All the winter months might settle 2.25.  As such, the best thing to be short is jan."
2,"Steve, got your note. Sorry for the delayed replies—I'll set up reminders. Curious to hear more about your cash position thoughts.",0.08431670939910849,0.8949814126394052,0.05228758169934641,-0.17975468677367032,False,66d4d54567,a0afd6458d,neutral,"From: 	""Lafontaine, Steve"" <steve.lafontaine@bankofamerica.com>@ENRON [mailto:IMCEANOTES-+22Lafontaine+2C+20Steve+22+20+3Csteve+2Elafontaine+40bankofamerica+2Ecom+3E+40ENRON@ENRON.com] Sent:	Friday, October 05, 2001 12:32 PM To:	Lafontaine, Steve; jarnold@enron.com Subject:	RE: wheres the love?

well the mkts changed a bit since this writing. im more neturalish now i guess. suprised about the cash strongth. and i guess it doesnt mattr CUZ YOU DONT ANSWER YOUR EMAILS ANYWAY. regards

From: 	LaFontaine, Steve Sent:	Friday, September 21, 2001 4:40 PM To:	John Arnold (E-mail) Subject:	whats up you","Sorry,sorry, sorry. Havent had internet access at home for past 5 weeks.  Much easier to write these at home as when I'm done trading I don't want to look at my computer. For november, very neutral.  Cash is impressive.  Agree shutins, switching, and some weather are making market look more like equilibrium.  Think with cash/futures at 20 cents, x/z looks crazy.  As soon as z becomes prompt, the fear factor/risk premium of it will decrease and the whole winter will come off.  Like your h/j trade.  Hard to see it really being worth 9 cents at settlement.  Been buying a lot of y/y cantango as I think next summer will be a piece but longer term gas story still very real and customers know it.  Wouldnt be surprised to see 2/3 go to 50+.  I think x has some room to go up, but not a lot.  Dont want to play the market from the long side as been burned before trying to get long a market that is still in a downtrend.  Seems like the curve will just keep rolling down with each expiry.  All the winter months might settle 2.25.  As such, the best thing to be short is jan."
3,"Hey Steve, thanks for the heads‑up on the markets. I'll prioritize email replies moving forward. Let's sync when you have time.",0.08477659654665931,0.9024163568773235,0.025477707006369428,-0.17975468677367032,False,66d4d54567,a0afd6458d,neutral,"From: 	""Lafontaine, Steve"" <steve.lafontaine@bankofamerica.com>@ENRON [mailto:IMCEANOTES-+22Lafontaine+2C+20Steve+22+20+3Csteve+2Elafontaine+40bankofamerica+2Ecom+3E+40ENRON@ENRON.com] Sent:	Friday, October 05, 2001 12:32 PM To:	Lafontaine, Steve; jarnold@enron.com Subject:	RE: wheres the love?

well the mkts changed a bit since this writing. im more neturalish now i guess. suprised about the cash strongth. and i guess it doesnt mattr CUZ YOU DONT ANSWER YOUR EMAILS ANYWAY. regards

From: 	LaFontaine, Steve Sent:	Friday, September 21, 2001 4:40 PM To:	John Arnold (E-mail) Subject:	whats up you","Sorry,sorry, sorry. Havent had internet access at home for past 5 weeks.  Much easier to write these at home as when I'm done trading I don't want to look at my computer. For november, very neutral.  Cash is impressive.  Agree shutins, switching, and some weather are making market look more like equilibrium.  Think with cash/futures at 20 cents, x/z looks crazy.  As soon as z becomes prompt, the fear factor/risk premium of it will decrease and the whole winter will come off.  Like your h/j trade.  Hard to see it really being worth 9 cents at settlement.  Been buying a lot of y/y cantango as I think next summer will be a piece but longer term gas story still very real and customers know it.  Wouldnt be surprised to see 2/3 go to 50+.  I think x has some room to go up, but not a lot.  Dont want to play the market from the long side as been burned before trying to get long a market that is still in a downtrend.  Seems like the curve will just keep rolling down with each expiry.  All the winter months might settle 2.25.  As such, the best thing to be short is jan."
4,"Hi Steve, noted the shift to a more neutral stance. I'll improve my email responsiveness. Anything specific you'd like to discuss?",0.07840870524688034,0.8977695167286245,0.0457516339869281,-0.10147798663760517,False,66d4d54567,a0afd6458d,neutral,"From: 	""Lafontaine, Steve"" <steve.lafontaine@bankofamerica.com>@ENRON [mailto:IMCEANOTES-+22Lafontaine+2C+20Steve+22+20+3Csteve+2Elafontaine+40bankofamerica+2Ecom+3E+40ENRON@ENRON.com] Sent:	Friday, October 05, 2001 12:32 PM To:	Lafontaine, Steve; jarnold@enron.com Subject:	RE: wheres the love?

well the mkts changed a bit since this writing. im more neturalish now i guess. suprised about the cash strongth. and i guess it doesnt mattr CUZ YOU DONT ANSWER YOUR EMAILS ANYWAY. regards

From: 	LaFontaine, Steve Sent:	Friday, September 21, 2001 4:40 PM To:	John Arnold (E-mail) Subject:	whats up you","Sorry,sorry, sorry. Havent had internet access at home for past 5 weeks.  Much easier to write these at home as when I'm done trading I don't want to look at my computer. For november, very neutral.  Cash is impressive.  Agree shutins, switching, and some weather are making market look more like equilibrium.  Think with cash/futures at 20 cents, x/z looks crazy.  As soon as z becomes prompt, the fear factor/risk premium of it will decrease and the whole winter will come off.  Like your h/j trade.  Hard to see it really being worth 9 cents at settlement.  Been buying a lot of y/y cantango as I think next summer will be a piece but longer term gas story still very real and customers know it.  Wouldnt be surprised to see 2/3 go to 50+.  I think x has some room to go up, but not a lot.  Dont want to play the market from the long side as been burned before trying to get long a market that is still in a downtrend.  Seems like the curve will just keep rolling down with each expiry.  All the winter months might settle 2.25.  As such, the best thing to be short is jan."
0,"Sorry for the lag — got swamped with the desk. Markets did shift; I’m seeing the same neutral bias you mentioned. Cash looks strong, let’s discuss how to position.",0.08063499362634058,0.8736059479553904,0.05660377358490566,-0.19555977099026148,False,66d4d54567,a0afd6458d,fewshot,"From: 	""Lafontaine, Steve"" <steve.lafontaine@bankofamerica.com>@ENRON [mailto:IMCEANOTES-+22Lafontaine+2C+20Steve+22+20+3Csteve+2Elafontaine+40bankofamerica+2Ecom+3E+40ENRON@ENRON.com] Sent:	Friday, October 05, 2001 12:32 PM To:	Lafontaine, Steve; jarnold@enron.com Subject:	RE: wheres the love?

well the mkts changed a bit since this writing. im more neturalish now i guess. suprised about the cash strongth. and i guess it doesnt mattr CUZ YOU DONT ANSWER YOUR EMAILS ANYWAY. regards

From: 	LaFontaine, Steve Sent:	Friday, September 21, 2001 4:40 PM To:	John Arnold (E-mail) Subject:	whats up you","Sorry,sorry, sorry. Havent had internet access at home for past 5 weeks.  Much easier to write these at home as when I'm done trading I don't want to look at my computer. For november, very neutral.  Cash is impressive.  Agree shutins, switching, and some weather are making market look more like equilibrium.  Think with cash/futures at 20 cents, x/z looks crazy.  As soon as z becomes prompt, the fear factor/risk premium of it will decrease and the whole winter will come off.  Like your h/j trade.  Hard to see it really being worth 9 cents at settlement.  Been buying a lot of y/y cantango as I think next summer will be a piece but longer term gas story still very real and customers know it.  Wouldnt be surprised to see 2/3 go to 50+.  I think x has some room to go up, but not a lot.  Dont want to play the market from the long side as been burned before trying to get long a market that is still in a downtrend.  Seems like the curve will just keep rolling down with each expiry.  All the winter months might settle 2.25.  As such, the best thing to be short is jan."
1,My bad on the email delay. I’ve been out of pocket; the cash strength is indeed surprising given the volatility. Happy to jump on a call later today.,0.0866647133068804,0.8856877323420075,0.05732484076433121,-0.16461397586611662,False,66d4d54567,a0afd6458d,fewshot,"From: 	""Lafontaine, Steve"" <steve.lafontaine@bankofamerica.com>@ENRON [mailto:IMCEANOTES-+22Lafontaine+2C+20Steve+22+20+3Csteve+2Elafontaine+40bankofamerica+2Ecom+3E+40ENRON@ENRON.com] Sent:	Friday, October 05, 2001 12:32 PM To:	Lafontaine, Steve; jarnold@enron.com Subject:	RE: wheres the love?

well the mkts changed a bit since this writing. im more neturalish now i guess. suprised about the cash strongth. and i guess it doesnt mattr CUZ YOU DONT ANSWER YOUR EMAILS ANYWAY. regards

From: 	LaFontaine, Steve Sent:	Friday, September 21, 2001 4:40 PM To:	John Arnold (E-mail) Subject:	whats up you","Sorry,sorry, sorry. Havent had internet access at home for past 5 weeks.  Much easier to write these at home as when I'm done trading I don't want to look at my computer. For november, very neutral.  Cash is impressive.  Agree shutins, switching, and some weather are making market look more like equilibrium.  Think with cash/futures at 20 cents, x/z looks crazy.  As soon as z becomes prompt, the fear factor/risk premium of it will decrease and the whole winter will come off.  Like your h/j trade.  Hard to see it really being worth 9 cents at settlement.  Been buying a lot of y/y cantango as I think next summer will be a piece but longer term gas story still very real and customers know it.  Wouldnt be surprised to see 2/3 go to 50+.  I think x has some room to go up, but not a lot.  Dont want to play the market from the long side as been burned before trying to get long a market that is still in a downtrend.  Seems like the curve will just keep rolling down with each expiry.  All the winter months might settle 2.25.  As such, the best thing to be short is jan."
2,"No worries, I’ve been tied up with the swap book. The market’s move to neutral aligns with our view; cash strength could be a temporary liquidity boost.",0.07190933462879485,0.8847583643122676,0.07051282051282051,-0.10789655562821111,False,66d4d54567,a0afd6458d,fewshot,"From: 	""Lafontaine, Steve"" <steve.lafontaine@bankofamerica.com>@ENRON [mailto:IMCEANOTES-+22Lafontaine+2C+20Steve+22+20+3Csteve+2Elafontaine+40bankofamerica+2Ecom+3E+40ENRON@ENRON.com] Sent:	Friday, October 05, 2001 12:32 PM To:	Lafontaine, Steve; jarnold@enron.com Subject:	RE: wheres the love?

well the mkts changed a bit since this writing. im more neturalish now i guess. suprised about the cash strongth. and i guess it doesnt mattr CUZ YOU DONT ANSWER YOUR EMAILS ANYWAY. regards

From: 	LaFontaine, Steve Sent:	Friday, September 21, 2001 4:40 PM To:	John Arnold (E-mail) Subject:	whats up you","Sorry,sorry, sorry. Havent had internet access at home for past 5 weeks.  Much easier to write these at home as when I'm done trading I don't want to look at my computer. For november, very neutral.  Cash is impressive.  Agree shutins, switching, and some weather are making market look more like equilibrium.  Think with cash/futures at 20 cents, x/z looks crazy.  As soon as z becomes prompt, the fear factor/risk premium of it will decrease and the whole winter will come off.  Like your h/j trade.  Hard to see it really being worth 9 cents at settlement.  Been buying a lot of y/y cantango as I think next summer will be a piece but longer term gas story still very real and customers know it.  Wouldnt be surprised to see 2/3 go to 50+.  I think x has some room to go up, but not a lot.  Dont want to play the market from the long side as been burned before trying to get long a market that is still in a downtrend.  Seems like the curve will just keep rolling down with each expiry.  All the winter months might settle 2.25.  As such, the best thing to be short is jan."
3,Thanks for the heads‑up. I’ll catch up on my inbox first thing tomorrow. The cash surge might be a short‑term artifact — let’s keep an eye on the flow.,0.07899548780551832,0.8856877323420075,0.08387096774193549,-0.24513775182362305,False,66d4d54567,a0afd6458d,fewshot,"From: 	""Lafontaine, Steve"" <steve.lafontaine@bankofamerica.com>@ENRON [mailto:IMCEANOTES-+22Lafontaine+2C+20Steve+22+20+3Csteve+2Elafontaine+40bankofamerica+2Ecom+3E+40ENRON@ENRON.com] Sent:	Friday, October 05, 2001 12:32 PM To:	Lafontaine, Steve; jarnold@enron.com Subject:	RE: wheres the love?

well the mkts changed a bit since this writing. im more neturalish now i guess. suprised about the cash strongth. and i guess it doesnt mattr CUZ YOU DONT ANSWER YOUR EMAILS ANYWAY. regards

From: 	LaFontaine, Steve Sent:	Friday, September 21, 2001 4:40 PM To:	John Arnold (E-mail) Subject:	whats up you","Sorry,sorry, sorry. Havent had internet access at home for past 5 weeks.  Much easier to write these at home as when I'm done trading I don't want to look at my computer. For november, very neutral.  Cash is impressive.  Agree shutins, switching, and some weather are making market look more like equilibrium.  Think with cash/futures at 20 cents, x/z looks crazy.  As soon as z becomes prompt, the fear factor/risk premium of it will decrease and the whole winter will come off.  Like your h/j trade.  Hard to see it really being worth 9 cents at settlement.  Been buying a lot of y/y cantango as I think next summer will be a piece but longer term gas story still very real and customers know it.  Wouldnt be surprised to see 2/3 go to 50+.  I think x has some room to go up, but not a lot.  Dont want to play the market from the long side as been burned before trying to get long a market that is still in a downtrend.  Seems like the curve will just keep rolling down with each expiry.  All the winter months might settle 2.25.  As such, the best thing to be short is jan."
4,Apologies for missing your note. I agree the markets have turned more neutral; the cash strength is noteworthy. Let’s sync up to see if we need to adjust any hedges.,0.08701411258940214,0.8689591078066915,0.07643312101910828,-0.26642867343030957,False,66d4d54567,a0afd6458d,fewshot,"From: 	""Lafontaine, Steve"" <steve.lafontaine@bankofamerica.com>@ENRON [mailto:IMCEANOTES-+22Lafontaine+2C+20Steve+22+20+3Csteve+2Elafontaine+40bankofamerica+2Ecom+3E+40ENRON@ENRON.com] Sent:	Friday, October 05, 2001 12:32 PM To:	Lafontaine, Steve; jarnold@enron.com Subject:	RE: wheres the love?

well the mkts changed a bit since this writing. im more neturalish now i guess. suprised about the cash strongth. and i guess it doesnt mattr CUZ YOU DONT ANSWER YOUR EMAILS ANYWAY. regards

From: 	LaFontaine, Steve Sent:	Friday, September 21, 2001 4:40 PM To:	John Arnold (E-mail) Subject:	whats up you","Sorry,sorry, sorry. Havent had internet access at home for past 5 weeks.  Much easier to write these at home as when I'm done trading I don't want to look at my computer. For november, very neutral.  Cash is impressive.  Agree shutins, switching, and some weather are making market look more like equilibrium.  Think with cash/futures at 20 cents, x/z looks crazy.  As soon as z becomes prompt, the fear factor/risk premium of it will decrease and the whole winter will come off.  Like your h/j trade.  Hard to see it really being worth 9 cents at settlement.  Been buying a lot of y/y cantango as I think next summer will be a piece but longer term gas story still very real and customers know it.  Wouldnt be surprised to see 2/3 go to 50+.  I think x has some room to go up, but not a lot.  Dont want to play the market from the long side as been burned before trying to get long a market that is still in a downtrend.  Seems like the curve will just keep rolling down with each expiry.  All the winter months might settle 2.25.  As such, the best thing to be short is jan."
0,"""hey steve,\\n\\nsorry for the delay — got swamped. how are the markets treating you now? curious about that cash strength you mentioned. let me know if you",0.08392949410200287,0.8838289962825279,0.03773584905660377,-0.21358403054761563,False,66d4d54567,a0afd6458d,instruction,"From: 	""Lafontaine, Steve"" <steve.lafontaine@bankofamerica.com>@ENRON [mailto:IMCEANOTES-+22Lafontaine+2C+20Steve+22+20+3Csteve+2Elafontaine+40bankofamerica+2Ecom+3E+40ENRON@ENRON.com] Sent:	Friday, October 05, 2001 12:32 PM To:	Lafontaine, Steve; jarnold@enron.com Subject:	RE: wheres the love?

well the mkts changed a bit since this writing. im more neturalish now i guess. suprised about the cash strongth. and i guess it doesnt mattr CUZ YOU DONT ANSWER YOUR EMAILS ANYWAY. regards

From: 	LaFontaine, Steve Sent:	Friday, September 21, 2001 4:40 PM To:	John Arnold (E-mail) Subject:	whats up you","Sorry,sorry, sorry. Havent had internet access at home for past 5 weeks.  Much easier to write these at home as when I'm done trading I don't want to look at my computer. For november, very neutral.  Cash is impressive.  Agree shutins, switching, and some weather are making market look more like equilibrium.  Think with cash/futures at 20 cents, x/z looks crazy.  As soon as z becomes prompt, the fear factor/risk premium of it will decrease and the whole winter will come off.  Like your h/j trade.  Hard to see it really being worth 9 cents at settlement.  Been buying a lot of y/y cantango as I think next summer will be a piece but longer term gas story still very real and customers know it.  Wouldnt be surprised to see 2/3 go to 50+.  I think x has some room to go up, but not a lot.  Dont want to play the market from the long side as been burned before trying to get long a market that is still in a downtrend.  Seems like the curve will just keep rolling down with each expiry.  All the winter months might settle 2.25.  As such, the best thing to be short is jan."
0,I will log in now and approve the request.,0.09479690334680357,0.7258064516129032,0.0,-0.04796738445972162,False,84ae156222,9b79c8b0e5,neutral,"From: 	ibuyit@enron.com (IBUYIT)@ENRON [mailto:IMCEANOTES-ibuyit+40enron+2Ecom+20+28IBUYIT+29+40ENRON@ENRON.com] Sent:	Tuesday, October  2, 2001 12:00 PM To:	undisclosed-recipients:;@ENRON Subject:	eProcurement Shopping Cart Approval Required

You are receiving this message because an eProcurement purchase request requires your action.  You are identified as an Approver based on the reporting structure of your organization and monetary approval limits. Please review, and approve or reject the items in your eProcurement Inbox by logging into eProcurement at http://spr5wb02.enron.com/scripts/wga",Cleaning out e-mails.  Does this still need approval?  --Sally
1,I need more details before I can approve; please send the item list.,0.09685907180260732,0.8088235294117647,0.047619047619047616,0.054914334550728514,False,84ae156222,9b79c8b0e5,neutral,"From: 	ibuyit@enron.com (IBUYIT)@ENRON [mailto:IMCEANOTES-ibuyit+40enron+2Ecom+20+28IBUYIT+29+40ENRON@ENRON.com] Sent:	Tuesday, October  2, 2001 12:00 PM To:	undisclosed-recipients:;@ENRON Subject:	eProcurement Shopping Cart Approval Required

You are receiving this message because an eProcurement purchase request requires your action.  You are identified as an Approver based on the reporting structure of your organization and monetary approval limits. Please review, and approve or reject the items in your eProcurement Inbox by logging into eProcurement at http://spr5wb02.enron.com/scripts/wga",Cleaning out e-mails.  Does this still need approval?  --Sally
2,I reject this request as it exceeds my approval limit.,0.06772246043529723,0.6935483870967742,0.1111111111111111,-0.10849818653721265,False,84ae156222,9b79c8b0e5,neutral,"From: 	ibuyit@enron.com (IBUYIT)@ENRON [mailto:IMCEANOTES-ibuyit+40enron+2Ecom+20+28IBUYIT+29+40ENRON@ENRON.com] Sent:	Tuesday, October  2, 2001 12:00 PM To:	undisclosed-recipients:;@ENRON Subject:	eProcurement Shopping Cart Approval Required

You are receiving this message because an eProcurement purchase request requires your action.  You are identified as an Approver based on the reporting structure of your organization and monetary approval limits. Please review, and approve or reject the items in your eProcurement Inbox by logging into eProcurement at http://spr5wb02.enron.com/scripts/wga",Cleaning out e-mails.  Does this still need approval?  --Sally
3,"Approved, thank you for the notification.",0.094455547476345,0.8225806451612904,0.0,-0.19926804030668752,False,84ae156222,9b79c8b0e5,neutral,"From: 	ibuyit@enron.com (IBUYIT)@ENRON [mailto:IMCEANOTES-ibuyit+40enron+2Ecom+20+28IBUYIT+29+40ENRON@ENRON.com] Sent:	Tuesday, October  2, 2001 12:00 PM To:	undisclosed-recipients:;@ENRON Subject:	eProcurement Shopping Cart Approval Required

You are receiving this message because an eProcurement purchase request requires your action.  You are identified as an Approver based on the reporting structure of your organization and monetary approval limits. Please review, and approve or reject the items in your eProcurement Inbox by logging into eProcurement at http://spr5wb02.enron.com/scripts/wga",Cleaning out e-mails.  Does this still need approval?  --Sally
4,I will review and respond by end of day.,0.08028275304862861,0.7580645161290323,0.0,-0.06771234558035032,False,84ae156222,9b79c8b0e5,neutral,"From: 	ibuyit@enron.com (IBUYIT)@ENRON [mailto:IMCEANOTES-ibuyit+40enron+2Ecom+20+28IBUYIT+29+40ENRON@ENRON.com] Sent:	Tuesday, October  2, 2001 12:00 PM To:	undisclosed-recipients:;@ENRON Subject:	eProcurement Shopping Cart Approval Required

You are receiving this message because an eProcurement purchase request requires your action.  You are identified as an Approver based on the reporting structure of your organization and monetary approval limits. Please review, and approve or reject the items in your eProcurement Inbox by logging into eProcurement at http://spr5wb02.enron.com/scripts/wga",Cleaning out e-mails.  Does this still need approval?  --Sally
0,Approved. --Sally,0.0465592522926245,0.7741935483870968,0.09090909090909091,-0.93761737559533,False,84ae156222,9b79c8b0e5,fewshot,"From: 	ibuyit@enron.com (IBUYIT)@ENRON [mailto:IMCEANOTES-ibuyit+40enron+2Ecom+20+28IBUYIT+29+40ENRON@ENRON.com] Sent:	Tuesday, October  2, 2001 12:00 PM To:	undisclosed-recipients:;@ENRON Subject:	eProcurement Shopping Cart Approval Required

You are receiving this message because an eProcurement purchase request requires your action.  You are identified as an Approver based on the reporting structure of your organization and monetary approval limits. Please review, and approve or reject the items in your eProcurement Inbox by logging into eProcurement at http://spr5wb02.enron.com/scripts/wga",Cleaning out e-mails.  Does this still need approval?  --Sally
1,Rejected due to budget constraints. --Sally,0.05884060817794491,0.7096774193548387,0.06666666666666667,-0.2704406458947471,False,84ae156222,9b79c8b0e5,fewshot,"From: 	ibuyit@enron.com (IBUYIT)@ENRON [mailto:IMCEANOTES-ibuyit+40enron+2Ecom+20+28IBUYIT+29+40ENRON@ENRON.com] Sent:	Tuesday, October  2, 2001 12:00 PM To:	undisclosed-recipients:;@ENRON Subject:	eProcurement Shopping Cart Approval Required

You are receiving this message because an eProcurement purchase request requires your action.  You are identified as an Approver based on the reporting structure of your organization and monetary approval limits. Please review, and approve or reject the items in your eProcurement Inbox by logging into eProcurement at http://spr5wb02.enron.com/scripts/wga",Cleaning out e-mails.  Does this still need approval?  --Sally
2,I'll review the items and respond by end of day. --Sally,0.0955618501236767,0.6935483870967742,0.05,-0.1075644815484559,False,84ae156222,9b79c8b0e5,fewshot,"From: 	ibuyit@enron.com (IBUYIT)@ENRON [mailto:IMCEANOTES-ibuyit+40enron+2Ecom+20+28IBUYIT+29+40ENRON@ENRON.com] Sent:	Tuesday, October  2, 2001 12:00 PM To:	undisclosed-recipients:;@ENRON Subject:	eProcurement Shopping Cart Approval Required

You are receiving this message because an eProcurement purchase request requires your action.  You are identified as an Approver based on the reporting structure of your organization and monetary approval limits. Please review, and approve or reject the items in your eProcurement Inbox by logging into eProcurement at http://spr5wb02.enron.com/scripts/wga",Cleaning out e-mails.  Does this still need approval?  --Sally
3,Please forward the detailed specifications for item #3 before I can approve. --Sally,0.1039085934864897,0.6547619047619048,0.045454545454545456,0.0011601519175068475,False,84ae156222,9b79c8b0e5,fewshot,"From: 	ibuyit@enron.com (IBUYIT)@ENRON [mailto:IMCEANOTES-ibuyit+40enron+2Ecom+20+28IBUYIT+29+40ENRON@ENRON.com] Sent:	Tuesday, October  2, 2001 12:00 PM To:	undisclosed-recipients:;@ENRON Subject:	eProcurement Shopping Cart Approval Required

You are receiving this message because an eProcurement purchase request requires your action.  You are identified as an Approver based on the reporting structure of your organization and monetary approval limits. Please review, and approve or reject the items in your eProcurement Inbox by logging into eProcurement at http://spr5wb02.enron.com/scripts/wga",Cleaning out e-mails.  Does this still need approval?  --Sally
4,"All items look good, approved. Thanks. --Sally",0.06967897116136901,0.6935483870967742,0.0625,-0.38527328533135263,False,84ae156222,9b79c8b0e5,fewshot,"From: 	ibuyit@enron.com (IBUYIT)@ENRON [mailto:IMCEANOTES-ibuyit+40enron+2Ecom+20+28IBUYIT+29+40ENRON@ENRON.com] Sent:	Tuesday, October  2, 2001 12:00 PM To:	undisclosed-recipients:;@ENRON Subject:	eProcurement Shopping Cart Approval Required

You are receiving this message because an eProcurement purchase request requires your action.  You are identified as an Approver based on the reporting structure of your organization and monetary approval limits. Please review, and approve or reject the items in your eProcurement Inbox by logging into eProcurement at http://spr5wb02.enron.com/scripts/wga",Cleaning out e-mails.  Does this still need approval?  --Sally
0,"Thank you for the notification. I will log into eProcurement now to review the pending items in my inbox.
Please let me know if there is a deadline for approval or any specific criteria I should consider.
I appreciate the prompt reminder!",0.15479086784307808,0.8319327731092437,0.021739130434782608,0.0038997857403295514,False,84ae156222,9b79c8b0e5,instruction,"From: 	ibuyit@enron.com (IBUYIT)@ENRON [mailto:IMCEANOTES-ibuyit+40enron+2Ecom+20+28IBUYIT+29+40ENRON@ENRON.com] Sent:	Tuesday, October  2, 2001 12:00 PM To:	undisclosed-recipients:;@ENRON Subject:	eProcurement Shopping Cart Approval Required

You are receiving this message because an eProcurement purchase request requires your action.  You are identified as an Approver based on the reporting structure of your organization and monetary approval limits. Please review, and approve or reject the items in your eProcurement Inbox by logging into eProcurement at http://spr5wb02.enron.com/scripts/wga",Cleaning out e-mails.  Does this still need approval?  --Sally
0,Glad to hear the boys enjoyed the practice! Let me know if they’d like to schedule another session.,0.06626160260175808,0.8181818181818182,0.0,-0.03942789682228605,False,a1ee6fb48f,56ff263f67,neutral,"From: 	Alon, Heather Sent:	Monday, October 08, 2001 8:35 AM To:	Lenhart, Matthew Subject:	RE:

my thoughts exactly....my boys said thanks for the practice.

From: 	Lenhart, Matthew Sent:	Monday, October 08, 2001 8:34 AM To:	Alon, Heather Subject:	RE:

what game

From: 	Alon, Heather Sent:	Monday, October 08, 2001 8:27 AM To:	Lenhart, Matthew Subject:

Hope you didn't drive all the way to New O to catch the game.

:) H",you probably didn't even see it
1,Happy to help—what sport were they practicing? Maybe we can plan a friendly match next week.,0.06020379809026632,0.8152173913043478,0.0,-0.04910892880850634,False,a1ee6fb48f,56ff263f67,neutral,"From: 	Alon, Heather Sent:	Monday, October 08, 2001 8:35 AM To:	Lenhart, Matthew Subject:	RE:

my thoughts exactly....my boys said thanks for the practice.

From: 	Lenhart, Matthew Sent:	Monday, October 08, 2001 8:34 AM To:	Alon, Heather Subject:	RE:

what game

From: 	Alon, Heather Sent:	Monday, October 08, 2001 8:27 AM To:	Lenhart, Matthew Subject:

Hope you didn't drive all the way to New O to catch the game.

:) H",you probably didn't even see it
2,"Thanks for the update! If they need any extra tips or drills, just shout.",0.05527345396471068,0.821917808219178,0.0,-0.061681336509995514,False,a1ee6fb48f,56ff263f67,neutral,"From: 	Alon, Heather Sent:	Monday, October 08, 2001 8:35 AM To:	Lenhart, Matthew Subject:	RE:

my thoughts exactly....my boys said thanks for the practice.

From: 	Lenhart, Matthew Sent:	Monday, October 08, 2001 8:34 AM To:	Alon, Heather Subject:	RE:

what game

From: 	Alon, Heather Sent:	Monday, October 08, 2001 8:27 AM To:	Lenhart, Matthew Subject:

Hope you didn't drive all the way to New O to catch the game.

:) H",you probably didn't even see it
3,Awesome! I’ll keep the slots open for future practice whenever they’re ready.,0.04552630168362184,0.8051948051948052,0.0,-0.08858141648316432,False,a1ee6fb48f,56ff263f67,neutral,"From: 	Alon, Heather Sent:	Monday, October 08, 2001 8:35 AM To:	Lenhart, Matthew Subject:	RE:

my thoughts exactly....my boys said thanks for the practice.

From: 	Lenhart, Matthew Sent:	Monday, October 08, 2001 8:34 AM To:	Alon, Heather Subject:	RE:

what game

From: 	Alon, Heather Sent:	Monday, October 08, 2001 8:27 AM To:	Lenhart, Matthew Subject:

Hope you didn't drive all the way to New O to catch the game.

:) H",you probably didn't even see it
4,That’s great to hear—let’s keep the momentum going and maybe organize a mini‑tournament soon.,0.04926286353712165,0.8279569892473119,0.0,-0.3149546056832999,False,a1ee6fb48f,56ff263f67,neutral,"From: 	Alon, Heather Sent:	Monday, October 08, 2001 8:35 AM To:	Lenhart, Matthew Subject:	RE:

my thoughts exactly....my boys said thanks for the practice.

From: 	Lenhart, Matthew Sent:	Monday, October 08, 2001 8:34 AM To:	Alon, Heather Subject:	RE:

what game

From: 	Alon, Heather Sent:	Monday, October 08, 2001 8:27 AM To:	Lenhart, Matthew Subject:

Hope you didn't drive all the way to New O to catch the game.

:) H",you probably didn't even see it
0,"No worries, I made it just in time for the kids' practice.",0.05076297968604621,0.7758620689655172,0.058823529411764705,-0.060450405857108674,False,a1ee6fb48f,56ff263f67,fewshot,"From: 	Alon, Heather Sent:	Monday, October 08, 2001 8:35 AM To:	Lenhart, Matthew Subject:	RE:

my thoughts exactly....my boys said thanks for the practice.

From: 	Lenhart, Matthew Sent:	Monday, October 08, 2001 8:34 AM To:	Alon, Heather Subject:	RE:

what game

From: 	Alon, Heather Sent:	Monday, October 08, 2001 8:27 AM To:	Lenhart, Matthew Subject:

Hope you didn't drive all the way to New O to catch the game.

:) H",you probably didn't even see it
1,"Actually I turned around halfway—looks like I missed the game, but the boys appreciated the effort.",0.06077381509682471,0.8181818181818182,0.0,-0.35113965869732233,False,a1ee6fb48f,56ff263f67,fewshot,"From: 	Alon, Heather Sent:	Monday, October 08, 2001 8:35 AM To:	Lenhart, Matthew Subject:	RE:

my thoughts exactly....my boys said thanks for the practice.

From: 	Lenhart, Matthew Sent:	Monday, October 08, 2001 8:34 AM To:	Alon, Heather Subject:	RE:

what game

From: 	Alon, Heather Sent:	Monday, October 08, 2001 8:27 AM To:	Lenhart, Matthew Subject:

Hope you didn't drive all the way to New O to catch the game.

:) H",you probably didn't even see it
2,"Haha, I was stuck in traffic but got there just as they were wrapping up.",0.06069425813649106,0.8082191780821918,0.0,-0.46101312459965965,False,a1ee6fb48f,56ff263f67,fewshot,"From: 	Alon, Heather Sent:	Monday, October 08, 2001 8:35 AM To:	Lenhart, Matthew Subject:	RE:

my thoughts exactly....my boys said thanks for the practice.

From: 	Lenhart, Matthew Sent:	Monday, October 08, 2001 8:34 AM To:	Alon, Heather Subject:	RE:

what game

From: 	Alon, Heather Sent:	Monday, October 08, 2001 8:27 AM To:	Lenhart, Matthew Subject:

Hope you didn't drive all the way to New O to catch the game.

:) H",you probably didn't even see it
3,Thanks for the heads‑up! Next time I’ll double‑check the schedule before driving out.,0.05622384423648832,0.8235294117647058,0.0,-0.06069179870278785,False,a1ee6fb48f,56ff263f67,fewshot,"From: 	Alon, Heather Sent:	Monday, October 08, 2001 8:35 AM To:	Lenhart, Matthew Subject:	RE:

my thoughts exactly....my boys said thanks for the practice.

From: 	Lenhart, Matthew Sent:	Monday, October 08, 2001 8:34 AM To:	Alon, Heather Subject:	RE:

what game

From: 	Alon, Heather Sent:	Monday, October 08, 2001 8:27 AM To:	Lenhart, Matthew Subject:

Hope you didn't drive all the way to New O to catch the game.

:) H",you probably didn't even see it
4,"All good, the boys had a blast and I got to see a bit of the action.",0.07325604145666746,0.7647058823529411,0.05,-0.31492758595711523,False,a1ee6fb48f,56ff263f67,fewshot,"From: 	Alon, Heather Sent:	Monday, October 08, 2001 8:35 AM To:	Lenhart, Matthew Subject:	RE:

my thoughts exactly....my boys said thanks for the practice.

From: 	Lenhart, Matthew Sent:	Monday, October 08, 2001 8:34 AM To:	Alon, Heather Subject:	RE:

what game

From: 	Alon, Heather Sent:	Monday, October 08, 2001 8:27 AM To:	Lenhart, Matthew Subject:

Hope you didn't drive all the way to New O to catch the game.

:) H",you probably didn't even see it
0,"no, i didn't drive that far; i caught the game online instead.",0.05687625396762181,0.7741935483870968,0.0625,1.1258765461639613,False,a1ee6fb48f,56ff263f67,instruction,"From: 	Alon, Heather Sent:	Monday, October 08, 2001 8:35 AM To:	Lenhart, Matthew Subject:	RE:

my thoughts exactly....my boys said thanks for the practice.

From: 	Lenhart, Matthew Sent:	Monday, October 08, 2001 8:34 AM To:	Alon, Heather Subject:	RE:

what game

From: 	Alon, Heather Sent:	Monday, October 08, 2001 8:27 AM To:	Lenhart, Matthew Subject:

Hope you didn't drive all the way to New O to catch the game.

:) H",you probably didn't even see it
1,i stayed home and streamed the match; thanks for asking.,0.05571519976897131,0.8035714285714286,0.0,1.1311732368311955,False,a1ee6fb48f,56ff263f67,instruction,"From: 	Alon, Heather Sent:	Monday, October 08, 2001 8:35 AM To:	Lenhart, Matthew Subject:	RE:

my thoughts exactly....my boys said thanks for the practice.

From: 	Lenhart, Matthew Sent:	Monday, October 08, 2001 8:34 AM To:	Alon, Heather Subject:	RE:

what game

From: 	Alon, Heather Sent:	Monday, October 08, 2001 8:27 AM To:	Lenhart, Matthew Subject:

Hope you didn't drive all the way to New O to catch the game.

:) H",you probably didn't even see it
2,"actually, i watched it from work during my break.",0.0411456773112122,0.8367346938775511,0.07142857142857142,1.0082697633680646,False,a1ee6fb48f,56ff263f67,instruction,"From: 	Alon, Heather Sent:	Monday, October 08, 2001 8:35 AM To:	Lenhart, Matthew Subject:	RE:

my thoughts exactly....my boys said thanks for the practice.

From: 	Lenhart, Matthew Sent:	Monday, October 08, 2001 8:34 AM To:	Alon, Heather Subject:	RE:

what game

From: 	Alon, Heather Sent:	Monday, October 08, 2001 8:27 AM To:	Lenhart, Matthew Subject:

Hope you didn't drive all the way to New O to catch the game.

:) H",you probably didn't even see it
3,no need to travel; the broadcast was clear enough here.,0.04704912355823954,0.7818181818181819,0.0,1.1311732368311955,False,a1ee6fb48f,56ff263f67,instruction,"From: 	Alon, Heather Sent:	Monday, October 08, 2001 8:35 AM To:	Lenhart, Matthew Subject:	RE:

my thoughts exactly....my boys said thanks for the practice.

From: 	Lenhart, Matthew Sent:	Monday, October 08, 2001 8:34 AM To:	Alon, Heather Subject:	RE:

what game

From: 	Alon, Heather Sent:	Monday, October 08, 2001 8:27 AM To:	Lenhart, Matthew Subject:

Hope you didn't drive all the way to New O to catch the game.

:) H",you probably didn't even see it
4,"i figured the local feed would suffice, so i didn't go.",0.04707286441024859,0.7818181818181819,0.06666666666666667,1.1352759059030961,False,a1ee6fb48f,56ff263f67,instruction,"From: 	Alon, Heather Sent:	Monday, October 08, 2001 8:35 AM To:	Lenhart, Matthew Subject:	RE:

my thoughts exactly....my boys said thanks for the practice.

From: 	Lenhart, Matthew Sent:	Monday, October 08, 2001 8:34 AM To:	Alon, Heather Subject:	RE:

what game

From: 	Alon, Heather Sent:	Monday, October 08, 2001 8:27 AM To:	Lenhart, Matthew Subject:

Hope you didn't drive all the way to New O to catch the game.

:) H",you probably didn't even see it
0,Thank you for the information. I will make sure to attend the harassment avoidance seminar.,0.11004622358749619,0.8461538461538461,0.0,-0.868894817617369,False,0afc8e334c,e3b500bf20,neutral,"Office of the Chairman - Enron Wholesale Services@ENRON Sent by: Enron Announcements@ENRON 02/14/2001 10:31 PM

To: All_ENA_EGM_EIM, ENW-Employees cc: Subject: Harassment Avoidance Seminar Office of the Chairman - Enron Wholesale Services To contribute our personal best at ENRON, our conduct must promote respectful and co-operative work relationships. Workplace harassment conflicts with ENRON's vision and values and violates Company policy.  Harassment also can violate federal and state laws.  By understanding what harassment is and its potential harm, we can prevent it in our workplace.

We a",sign me up sometime
1,I appreciate the reminder about maintaining a respectful workplace. Please let me know the date and time of the seminar.,0.11778224080431367,0.875,0.047619047619047616,-0.7532855768052632,False,0afc8e334c,e3b500bf20,neutral,"Office of the Chairman - Enron Wholesale Services@ENRON Sent by: Enron Announcements@ENRON 02/14/2001 10:31 PM

To: All_ENA_EGM_EIM, ENW-Employees cc: Subject: Harassment Avoidance Seminar Office of the Chairman - Enron Wholesale Services To contribute our personal best at ENRON, our conduct must promote respectful and co-operative work relationships. Workplace harassment conflicts with ENRON's vision and values and violates Company policy.  Harassment also can violate federal and state laws.  By understanding what harassment is and its potential harm, we can prevent it in our workplace.

We a",sign me up sometime
2,This is important. I will share this announcement with my team to ensure everyone is aware.,0.10595784869881855,0.8461538461538461,0.0,-0.9584569270762128,False,0afc8e334c,e3b500bf20,neutral,"Office of the Chairman - Enron Wholesale Services@ENRON Sent by: Enron Announcements@ENRON 02/14/2001 10:31 PM

To: All_ENA_EGM_EIM, ENW-Employees cc: Subject: Harassment Avoidance Seminar Office of the Chairman - Enron Wholesale Services To contribute our personal best at ENRON, our conduct must promote respectful and co-operative work relationships. Workplace harassment conflicts with ENRON's vision and values and violates Company policy.  Harassment also can violate federal and state laws.  By understanding what harassment is and its potential harm, we can prevent it in our workplace.

We a",sign me up sometime
3,Could you provide details on how to register for the seminar and any required materials?,0.09538313489244427,0.8636363636363636,0.0,-0.7497874865050942,False,0afc8e334c,e3b500bf20,neutral,"Office of the Chairman - Enron Wholesale Services@ENRON Sent by: Enron Announcements@ENRON 02/14/2001 10:31 PM

To: All_ENA_EGM_EIM, ENW-Employees cc: Subject: Harassment Avoidance Seminar Office of the Chairman - Enron Wholesale Services To contribute our personal best at ENRON, our conduct must promote respectful and co-operative work relationships. Workplace harassment conflicts with ENRON's vision and values and violates Company policy.  Harassment also can violate federal and state laws.  By understanding what harassment is and its potential harm, we can prevent it in our workplace.

We a",sign me up sometime
4,I support ENRON's commitment to a harassment‑free environment and will participate in the training.,0.08962445759754772,0.8585858585858586,0.0,-0.704168496191077,False,0afc8e334c,e3b500bf20,neutral,"Office of the Chairman - Enron Wholesale Services@ENRON Sent by: Enron Announcements@ENRON 02/14/2001 10:31 PM

To: All_ENA_EGM_EIM, ENW-Employees cc: Subject: Harassment Avoidance Seminar Office of the Chairman - Enron Wholesale Services To contribute our personal best at ENRON, our conduct must promote respectful and co-operative work relationships. Workplace harassment conflicts with ENRON's vision and values and violates Company policy.  Harassment also can violate federal and state laws.  By understanding what harassment is and its potential harm, we can prevent it in our workplace.

We a",sign me up sometime
0,Thank you for the notice. I will make sure to attend the harassment avoidance seminar.,0.104027259686146,0.8488372093023255,0.0,-0.868894817617369,False,0afc8e334c,e3b500bf20,fewshot,"Office of the Chairman - Enron Wholesale Services@ENRON Sent by: Enron Announcements@ENRON 02/14/2001 10:31 PM

To: All_ENA_EGM_EIM, ENW-Employees cc: Subject: Harassment Avoidance Seminar Office of the Chairman - Enron Wholesale Services To contribute our personal best at ENRON, our conduct must promote respectful and co-operative work relationships. Workplace harassment conflicts with ENRON's vision and values and violates Company policy.  Harassment also can violate federal and state laws.  By understanding what harassment is and its potential harm, we can prevent it in our workplace.

We a",sign me up sometime
1,"Could you please provide the date, time, and location for the seminar?",0.10653886023724053,0.8428571428571429,0.0,-0.9310388119719727,False,0afc8e334c,e3b500bf20,fewshot,"Office of the Chairman - Enron Wholesale Services@ENRON Sent by: Enron Announcements@ENRON 02/14/2001 10:31 PM

To: All_ENA_EGM_EIM, ENW-Employees cc: Subject: Harassment Avoidance Seminar Office of the Chairman - Enron Wholesale Services To contribute our personal best at ENRON, our conduct must promote respectful and co-operative work relationships. Workplace harassment conflicts with ENRON's vision and values and violates Company policy.  Harassment also can violate federal and state laws.  By understanding what harassment is and its potential harm, we can prevent it in our workplace.

We a",sign me up sometime
2,I appreciate the reminder. Please add me to the distribution list for any follow‑up materials.,0.09972116786991803,0.8617021276595744,0.11764705882352941,-0.9584569270762128,False,0afc8e334c,e3b500bf20,fewshot,"Office of the Chairman - Enron Wholesale Services@ENRON Sent by: Enron Announcements@ENRON 02/14/2001 10:31 PM

To: All_ENA_EGM_EIM, ENW-Employees cc: Subject: Harassment Avoidance Seminar Office of the Chairman - Enron Wholesale Services To contribute our personal best at ENRON, our conduct must promote respectful and co-operative work relationships. Workplace harassment conflicts with ENRON's vision and values and violates Company policy.  Harassment also can violate federal and state laws.  By understanding what harassment is and its potential harm, we can prevent it in our workplace.

We a",sign me up sometime
3,Is there an online version of the seminar for remote employees?,0.08238753151911467,0.8095238095238095,0.0,-0.46014287105220136,False,0afc8e334c,e3b500bf20,fewshot,"Office of the Chairman - Enron Wholesale Services@ENRON Sent by: Enron Announcements@ENRON 02/14/2001 10:31 PM

To: All_ENA_EGM_EIM, ENW-Employees cc: Subject: Harassment Avoidance Seminar Office of the Chairman - Enron Wholesale Services To contribute our personal best at ENRON, our conduct must promote respectful and co-operative work relationships. Workplace harassment conflicts with ENRON's vision and values and violates Company policy.  Harassment also can violate federal and state laws.  By understanding what harassment is and its potential harm, we can prevent it in our workplace.

We a",sign me up sometime
4,I will encourage my team to participate as well.,0.06851133187539112,0.7916666666666666,0.0,-0.7872902905208281,False,0afc8e334c,e3b500bf20,fewshot,"Office of the Chairman - Enron Wholesale Services@ENRON Sent by: Enron Announcements@ENRON 02/14/2001 10:31 PM

To: All_ENA_EGM_EIM, ENW-Employees cc: Subject: Harassment Avoidance Seminar Office of the Chairman - Enron Wholesale Services To contribute our personal best at ENRON, our conduct must promote respectful and co-operative work relationships. Workplace harassment conflicts with ENRON's vision and values and violates Company policy.  Harassment also can violate federal and state laws.  By understanding what harassment is and its potential harm, we can prevent it in our workplace.

We a",sign me up sometime
0,"Thanks for forwarding, Kent. I'll review McMahon's email and the attached file.",0.09118010330303565,0.9040697674418605,0.06593406593406594,-0.1075644815484559,False,037cdba1de,9b79c8b0e5,neutral,"From: 	Castleman, Kent Sent:	Thursday, October  11, 2001 5:44 PM To:	Beck, Sally Subject:	FW: 2002 Corporate Allocations to EIM

here is the only copy of McMahon's email that I have

Kent

From: 	Castleman, Kent Sent:	Tuesday, October 09, 2001 4:37 PM To:	Colwell, Wes Subject:	FW: 2002 Corporate Allocations to EIM

here is McMahon's email with the attached file

Kent

From: 	Garner, Bruce Sent:	Tuesday, October 09, 2001 7:49 AM To:	McMahon, Jeffrey; Bowen Jr., Raymond Cc:	Castleman, Kent Subject:	FW: 2002 Corporate Allocations to EIM

I had a discussion with Michael about allocations and the L","The last message in this trail is McMahon's note to the Management Committee members regarding allocations and an attached spreadsheet with his proposed acceptance of allocations.  Just FYI.

I met with Kent Castleman yesterday to get a feel for the areas where McMahon has questions regarding our Net Works budget.  I will pass those along to Brad, Jenny, and Beth today, and will copy you two on that note.  Bowen has already reviewed Kevin Sweeney's budget for Operations.  Kevin reduced his direct costs by $1MM relative to the original budget submitted, and Kent says that Jeff and Ray are fine with that one now.  I don't anticipate much conversation around that on Monday.  --Sally"
1,"Got it, Kent. Let me know if you need any clarification on the allocation figures.",0.1062941699939132,0.9011627906976745,0.041666666666666664,-0.12306131711451333,False,037cdba1de,9b79c8b0e5,neutral,"From: 	Castleman, Kent Sent:	Thursday, October  11, 2001 5:44 PM To:	Beck, Sally Subject:	FW: 2002 Corporate Allocations to EIM

here is the only copy of McMahon's email that I have

Kent

From: 	Castleman, Kent Sent:	Tuesday, October 09, 2001 4:37 PM To:	Colwell, Wes Subject:	FW: 2002 Corporate Allocations to EIM

here is McMahon's email with the attached file

Kent

From: 	Garner, Bruce Sent:	Tuesday, October 09, 2001 7:49 AM To:	McMahon, Jeffrey; Bowen Jr., Raymond Cc:	Castleman, Kent Subject:	FW: 2002 Corporate Allocations to EIM

I had a discussion with Michael about allocations and the L","The last message in this trail is McMahon's note to the Management Committee members regarding allocations and an attached spreadsheet with his proposed acceptance of allocations.  Just FYI.

I met with Kent Castleman yesterday to get a feel for the areas where McMahon has questions regarding our Net Works budget.  I will pass those along to Brad, Jenny, and Beth today, and will copy you two on that note.  Bowen has already reviewed Kevin Sweeney's budget for Operations.  Kevin reduced his direct costs by $1MM relative to the original budget submitted, and Kent says that Jeff and Ray are fine with that one now.  I don't anticipate much conversation around that on Monday.  --Sally"
2,"Appreciate the heads‑up, Kent. I'll sync with Bruce and Michael on their discussion.",0.08124982046634761,0.8997093023255814,0.05319148936170213,0.017382993034014176,False,037cdba1de,9b79c8b0e5,neutral,"From: 	Castleman, Kent Sent:	Thursday, October  11, 2001 5:44 PM To:	Beck, Sally Subject:	FW: 2002 Corporate Allocations to EIM

here is the only copy of McMahon's email that I have

Kent

From: 	Castleman, Kent Sent:	Tuesday, October 09, 2001 4:37 PM To:	Colwell, Wes Subject:	FW: 2002 Corporate Allocations to EIM

here is McMahon's email with the attached file

Kent

From: 	Garner, Bruce Sent:	Tuesday, October 09, 2001 7:49 AM To:	McMahon, Jeffrey; Bowen Jr., Raymond Cc:	Castleman, Kent Subject:	FW: 2002 Corporate Allocations to EIM

I had a discussion with Michael about allocations and the L","The last message in this trail is McMahon's note to the Management Committee members regarding allocations and an attached spreadsheet with his proposed acceptance of allocations.  Just FYI.

I met with Kent Castleman yesterday to get a feel for the areas where McMahon has questions regarding our Net Works budget.  I will pass those along to Brad, Jenny, and Beth today, and will copy you two on that note.  Bowen has already reviewed Kevin Sweeney's budget for Operations.  Kevin reduced his direct costs by $1MM relative to the original budget submitted, and Kent says that Jeff and Ray are fine with that one now.  I don't anticipate much conversation around that on Monday.  --Sally"
3,"Thanks, Kent. I'll check the attachment and get back to you by end of day.",0.10779089381131138,0.9069767441860465,0.08695652173913043,-0.1596134644173625,False,037cdba1de,9b79c8b0e5,neutral,"From: 	Castleman, Kent Sent:	Thursday, October  11, 2001 5:44 PM To:	Beck, Sally Subject:	FW: 2002 Corporate Allocations to EIM

here is the only copy of McMahon's email that I have

Kent

From: 	Castleman, Kent Sent:	Tuesday, October 09, 2001 4:37 PM To:	Colwell, Wes Subject:	FW: 2002 Corporate Allocations to EIM

here is McMahon's email with the attached file

Kent

From: 	Garner, Bruce Sent:	Tuesday, October 09, 2001 7:49 AM To:	McMahon, Jeffrey; Bowen Jr., Raymond Cc:	Castleman, Kent Subject:	FW: 2002 Corporate Allocations to EIM

I had a discussion with Michael about allocations and the L","The last message in this trail is McMahon's note to the Management Committee members regarding allocations and an attached spreadsheet with his proposed acceptance of allocations.  Just FYI.

I met with Kent Castleman yesterday to get a feel for the areas where McMahon has questions regarding our Net Works budget.  I will pass those along to Brad, Jenny, and Beth today, and will copy you two on that note.  Bowen has already reviewed Kevin Sweeney's budget for Operations.  Kevin reduced his direct costs by $1MM relative to the original budget submitted, and Kent says that Jeff and Ray are fine with that one now.  I don't anticipate much conversation around that on Monday.  --Sally"
4,"Noted, Kent. Please keep me in the loop on any updates to the 2002 allocations.",0.1046563315708104,0.9040697674418605,0.06451612903225806,-0.12306131711451333,False,037cdba1de,9b79c8b0e5,neutral,"From: 	Castleman, Kent Sent:	Thursday, October  11, 2001 5:44 PM To:	Beck, Sally Subject:	FW: 2002 Corporate Allocations to EIM

here is the only copy of McMahon's email that I have

Kent

From: 	Castleman, Kent Sent:	Tuesday, October 09, 2001 4:37 PM To:	Colwell, Wes Subject:	FW: 2002 Corporate Allocations to EIM

here is McMahon's email with the attached file

Kent

From: 	Garner, Bruce Sent:	Tuesday, October 09, 2001 7:49 AM To:	McMahon, Jeffrey; Bowen Jr., Raymond Cc:	Castleman, Kent Subject:	FW: 2002 Corporate Allocations to EIM

I had a discussion with Michael about allocations and the L","The last message in this trail is McMahon's note to the Management Committee members regarding allocations and an attached spreadsheet with his proposed acceptance of allocations.  Just FYI.

I met with Kent Castleman yesterday to get a feel for the areas where McMahon has questions regarding our Net Works budget.  I will pass those along to Brad, Jenny, and Beth today, and will copy you two on that note.  Bowen has already reviewed Kevin Sweeney's budget for Operations.  Kevin reduced his direct costs by $1MM relative to the original budget submitted, and Kent says that Jeff and Ray are fine with that one now.  I don't anticipate much conversation around that on Monday.  --Sally"
0,Thanks for forwarding Kent. I'll open the attachment and review McMahon's email details. --Sally,0.10371050778297167,0.8822674418604651,0.06451612903225806,-0.12147120617016911,False,037cdba1de,9b79c8b0e5,fewshot,"From: 	Castleman, Kent Sent:	Thursday, October  11, 2001 5:44 PM To:	Beck, Sally Subject:	FW: 2002 Corporate Allocations to EIM

here is the only copy of McMahon's email that I have

Kent

From: 	Castleman, Kent Sent:	Tuesday, October 09, 2001 4:37 PM To:	Colwell, Wes Subject:	FW: 2002 Corporate Allocations to EIM

here is McMahon's email with the attached file

Kent

From: 	Garner, Bruce Sent:	Tuesday, October 09, 2001 7:49 AM To:	McMahon, Jeffrey; Bowen Jr., Raymond Cc:	Castleman, Kent Subject:	FW: 2002 Corporate Allocations to EIM

I had a discussion with Michael about allocations and the L","The last message in this trail is McMahon's note to the Management Committee members regarding allocations and an attached spreadsheet with his proposed acceptance of allocations.  Just FYI.

I met with Kent Castleman yesterday to get a feel for the areas where McMahon has questions regarding our Net Works budget.  I will pass those along to Brad, Jenny, and Beth today, and will copy you two on that note.  Bowen has already reviewed Kevin Sweeney's budget for Operations.  Kevin reduced his direct costs by $1MM relative to the original budget submitted, and Kent says that Jeff and Ray are fine with that one now.  I don't anticipate much conversation around that on Monday.  --Sally"
1,Could you clarify which specific allocation figures are highlighted in McMahon's note? Let me know if you need any input from our side. --Sally,0.10603175317633994,0.8444767441860465,0.06930693069306931,0.12247879367078332,False,037cdba1de,9b79c8b0e5,fewshot,"From: 	Castleman, Kent Sent:	Thursday, October  11, 2001 5:44 PM To:	Beck, Sally Subject:	FW: 2002 Corporate Allocations to EIM

here is the only copy of McMahon's email that I have

Kent

From: 	Castleman, Kent Sent:	Tuesday, October 09, 2001 4:37 PM To:	Colwell, Wes Subject:	FW: 2002 Corporate Allocations to EIM

here is McMahon's email with the attached file

Kent

From: 	Garner, Bruce Sent:	Tuesday, October 09, 2001 7:49 AM To:	McMahon, Jeffrey; Bowen Jr., Raymond Cc:	Castleman, Kent Subject:	FW: 2002 Corporate Allocations to EIM

I had a discussion with Michael about allocations and the L","The last message in this trail is McMahon's note to the Management Committee members regarding allocations and an attached spreadsheet with his proposed acceptance of allocations.  Just FYI.

I met with Kent Castleman yesterday to get a feel for the areas where McMahon has questions regarding our Net Works budget.  I will pass those along to Brad, Jenny, and Beth today, and will copy you two on that note.  Bowen has already reviewed Kevin Sweeney's budget for Operations.  Kevin reduced his direct costs by $1MM relative to the original budget submitted, and Kent says that Jeff and Ray are fine with that one now.  I don't anticipate much conversation around that on Monday.  --Sally"
2,I appreciate the update. Perhaps we could schedule a brief call tomorrow to align on the EIM allocations before the quarter-end review. --Sally,0.13399888388448603,0.8444767441860465,0.07,0.11032329389563322,False,037cdba1de,9b79c8b0e5,fewshot,"From: 	Castleman, Kent Sent:	Thursday, October  11, 2001 5:44 PM To:	Beck, Sally Subject:	FW: 2002 Corporate Allocations to EIM

here is the only copy of McMahon's email that I have

Kent

From: 	Castleman, Kent Sent:	Tuesday, October 09, 2001 4:37 PM To:	Colwell, Wes Subject:	FW: 2002 Corporate Allocations to EIM

here is McMahon's email with the attached file

Kent

From: 	Garner, Bruce Sent:	Tuesday, October 09, 2001 7:49 AM To:	McMahon, Jeffrey; Bowen Jr., Raymond Cc:	Castleman, Kent Subject:	FW: 2002 Corporate Allocations to EIM

I had a discussion with Michael about allocations and the L","The last message in this trail is McMahon's note to the Management Committee members regarding allocations and an attached spreadsheet with his proposed acceptance of allocations.  Just FYI.

I met with Kent Castleman yesterday to get a feel for the areas where McMahon has questions regarding our Net Works budget.  I will pass those along to Brad, Jenny, and Beth today, and will copy you two on that note.  Bowen has already reviewed Kevin Sweeney's budget for Operations.  Kevin reduced his direct costs by $1MM relative to the original budget submitted, and Kent says that Jeff and Ray are fine with that one now.  I don't anticipate much conversation around that on Monday.  --Sally"
3,Received the forwarded thread. I'll pass this along to the EIM team for their awareness and get back to you with any questions. --Sally,0.15564976636887407,0.8372093023255814,0.12631578947368421,-0.013898175136386933,False,037cdba1de,9b79c8b0e5,fewshot,"From: 	Castleman, Kent Sent:	Thursday, October  11, 2001 5:44 PM To:	Beck, Sally Subject:	FW: 2002 Corporate Allocations to EIM

here is the only copy of McMahon's email that I have

Kent

From: 	Castleman, Kent Sent:	Tuesday, October 09, 2001 4:37 PM To:	Colwell, Wes Subject:	FW: 2002 Corporate Allocations to EIM

here is McMahon's email with the attached file

Kent

From: 	Garner, Bruce Sent:	Tuesday, October 09, 2001 7:49 AM To:	McMahon, Jeffrey; Bowen Jr., Raymond Cc:	Castleman, Kent Subject:	FW: 2002 Corporate Allocations to EIM

I had a discussion with Michael about allocations and the L","The last message in this trail is McMahon's note to the Management Committee members regarding allocations and an attached spreadsheet with his proposed acceptance of allocations.  Just FYI.

I met with Kent Castleman yesterday to get a feel for the areas where McMahon has questions regarding our Net Works budget.  I will pass those along to Brad, Jenny, and Beth today, and will copy you two on that note.  Bowen has already reviewed Kevin Sweeney's budget for Operations.  Kevin reduced his direct costs by $1MM relative to the original budget submitted, and Kent says that Jeff and Ray are fine with that one now.  I don't anticipate much conversation around that on Monday.  --Sally"
4,Sorry for the delayed response; I've been out of the office. I'll examine the attached file today and forward any relevant comments. --Sally,0.13564964211970795,0.8473837209302325,0.0707070707070707,0.051042694991354734,False,037cdba1de,9b79c8b0e5,fewshot,"From: 	Castleman, Kent Sent:	Thursday, October  11, 2001 5:44 PM To:	Beck, Sally Subject:	FW: 2002 Corporate Allocations to EIM

here is the only copy of McMahon's email that I have

Kent

From: 	Castleman, Kent Sent:	Tuesday, October 09, 2001 4:37 PM To:	Colwell, Wes Subject:	FW: 2002 Corporate Allocations to EIM

here is McMahon's email with the attached file

Kent

From: 	Garner, Bruce Sent:	Tuesday, October 09, 2001 7:49 AM To:	McMahon, Jeffrey; Bowen Jr., Raymond Cc:	Castleman, Kent Subject:	FW: 2002 Corporate Allocations to EIM

I had a discussion with Michael about allocations and the L","The last message in this trail is McMahon's note to the Management Committee members regarding allocations and an attached spreadsheet with his proposed acceptance of allocations.  Just FYI.

I met with Kent Castleman yesterday to get a feel for the areas where McMahon has questions regarding our Net Works budget.  I will pass those along to Brad, Jenny, and Beth today, and will copy you two on that note.  Bowen has already reviewed Kevin Sweeney's budget for Operations.  Kevin reduced his direct costs by $1MM relative to the original budget submitted, and Kent says that Jeff and Ray are fine with that one now.  I don't anticipate much conversation around that on Monday.  --Sally"
0,"Thanks for forwarding Kent's email, Sally! I’ve reviewed McMahon’s message and the attached file looks complete.
Could you confirm whether the allocation figures for Q1 are final?
Let me know if you need any further analysis.
Looking forward to your update!",0.14061023095331038,0.7892441860465116,0.10619469026548672,-0.20862145417202396,False,037cdba1de,9b79c8b0e5,instruction,"From: 	Castleman, Kent Sent:	Thursday, October  11, 2001 5:44 PM To:	Beck, Sally Subject:	FW: 2002 Corporate Allocations to EIM

here is the only copy of McMahon's email that I have

Kent

From: 	Castleman, Kent Sent:	Tuesday, October 09, 2001 4:37 PM To:	Colwell, Wes Subject:	FW: 2002 Corporate Allocations to EIM

here is McMahon's email with the attached file

Kent

From: 	Garner, Bruce Sent:	Tuesday, October 09, 2001 7:49 AM To:	McMahon, Jeffrey; Bowen Jr., Raymond Cc:	Castleman, Kent Subject:	FW: 2002 Corporate Allocations to EIM

I had a discussion with Michael about allocations and the L","The last message in this trail is McMahon's note to the Management Committee members regarding allocations and an attached spreadsheet with his proposed acceptance of allocations.  Just FYI.

I met with Kent Castleman yesterday to get a feel for the areas where McMahon has questions regarding our Net Works budget.  I will pass those along to Brad, Jenny, and Beth today, and will copy you two on that note.  Bowen has already reviewed Kevin Sweeney's budget for Operations.  Kevin reduced his direct costs by $1MM relative to the original budget submitted, and Kent says that Jeff and Ray are fine with that one now.  I don't anticipate much conversation around that on Monday.  --Sally"
1,"Hi Sally, I appreciate you sending over Kent’s copy of McMahon’s email.
The attachment appears to be the only version we have.
Do you know if there are any recent changes to the EIM allocations that we should incorporate?
Please advise!",0.15469777997272346,0.7921511627906976,0.10909090909090909,-0.09295515912742806,False,037cdba1de,9b79c8b0e5,instruction,"From: 	Castleman, Kent Sent:	Thursday, October  11, 2001 5:44 PM To:	Beck, Sally Subject:	FW: 2002 Corporate Allocations to EIM

here is the only copy of McMahon's email that I have

Kent

From: 	Castleman, Kent Sent:	Tuesday, October 09, 2001 4:37 PM To:	Colwell, Wes Subject:	FW: 2002 Corporate Allocations to EIM

here is McMahon's email with the attached file

Kent

From: 	Garner, Bruce Sent:	Tuesday, October 09, 2001 7:49 AM To:	McMahon, Jeffrey; Bowen Jr., Raymond Cc:	Castleman, Kent Subject:	FW: 2002 Corporate Allocations to EIM

I had a discussion with Michael about allocations and the L","The last message in this trail is McMahon's note to the Management Committee members regarding allocations and an attached spreadsheet with his proposed acceptance of allocations.  Just FYI.

I met with Kent Castleman yesterday to get a feel for the areas where McMahon has questions regarding our Net Works budget.  I will pass those along to Brad, Jenny, and Beth today, and will copy you two on that note.  Bowen has already reviewed Kevin Sweeney's budget for Operations.  Kevin reduced his direct costs by $1MM relative to the original budget submitted, and Kent says that Jeff and Ray are fine with that one now.  I don't anticipate much conversation around that on Monday.  --Sally"
2,"""Sally, thanks for the FW! I’ve opened the attached document and it matches the summary Kent mentioned.\nAre the numbers for the second quarter still under review",0.1394618539825972,0.8343023255813954,0.06930693069306931,0.12398851015967485,False,037cdba1de,9b79c8b0e5,instruction,"From: 	Castleman, Kent Sent:	Thursday, October  11, 2001 5:44 PM To:	Beck, Sally Subject:	FW: 2002 Corporate Allocations to EIM

here is the only copy of McMahon's email that I have

Kent

From: 	Castleman, Kent Sent:	Tuesday, October 09, 2001 4:37 PM To:	Colwell, Wes Subject:	FW: 2002 Corporate Allocations to EIM

here is McMahon's email with the attached file

Kent

From: 	Garner, Bruce Sent:	Tuesday, October 09, 2001 7:49 AM To:	McMahon, Jeffrey; Bowen Jr., Raymond Cc:	Castleman, Kent Subject:	FW: 2002 Corporate Allocations to EIM

I had a discussion with Michael about allocations and the L","The last message in this trail is McMahon's note to the Management Committee members regarding allocations and an attached spreadsheet with his proposed acceptance of allocations.  Just FYI.

I met with Kent Castleman yesterday to get a feel for the areas where McMahon has questions regarding our Net Works budget.  I will pass those along to Brad, Jenny, and Beth today, and will copy you two on that note.  Bowen has already reviewed Kevin Sweeney's budget for Operations.  Kevin reduced his direct costs by $1MM relative to the original budget submitted, and Kent says that Jeff and Ray are fine with that one now.  I don't anticipate much conversation around that on Monday.  --Sally"
0,"Thanks for the update, Michael. It’s great to hear the PCB model now includes flow regime impact on cleanup efficiency. Looking forward to seeing the full progress report when it’s ready.",0.134011520130026,0.7193877551020408,0.21739130434782608,-0.17966881998156806,False,92050e0306,fa05b51081,neutral,"From: Michael Adewumi [mailto:michael@pnge.psu.edu] Sent: Thursday, November 29, 2001 1:15 PM To: Campbell, Larry Subject: Summary of Progress

Dear Larry: It was good hearing from you a few days ago. We are wrapping up a progress report on the project but I can tell you briefly what we have accomplished so far. We have finished the PCB model development/modification to incorporate most of the main ideas that we talked about when you, John and your crew visited us. Specifically, we have been able to extend the model significantly to include flow regime impact on cleanup efficiency and the amou","Thanks Michael for the brief update.  it sounds encouraging.  I am looking forward to putting the model into motion.  No problem with signing the no cost extension for the project, send it my way."
1,"That’s impressive progress, Michael. Incorporating the main ideas from our visit and extending the model shows real momentum. Would you be available for a brief call next week to discuss the next steps?",0.1501676099767837,0.7574257425742574,0.11320754716981132,-0.09914504402406164,False,92050e0306,fa05b51081,neutral,"From: Michael Adewumi [mailto:michael@pnge.psu.edu] Sent: Thursday, November 29, 2001 1:15 PM To: Campbell, Larry Subject: Summary of Progress

Dear Larry: It was good hearing from you a few days ago. We are wrapping up a progress report on the project but I can tell you briefly what we have accomplished so far. We have finished the PCB model development/modification to incorporate most of the main ideas that we talked about when you, John and your crew visited us. Specifically, we have been able to extend the model significantly to include flow regime impact on cleanup efficiency and the amou","Thanks Michael for the brief update.  it sounds encouraging.  I am looking forward to putting the model into motion.  No problem with signing the no cost extension for the project, send it my way."
2,"Thanks for sharing the summary, Larry. I’m particularly interested in how the flow regime variables are being quantified. Could you send over any preliminary results or assumptions you’ve used?",0.14184034830985634,0.8010204081632653,0.09615384615384616,-0.17966881998156806,False,92050e0306,fa05b51081,neutral,"From: Michael Adewumi [mailto:michael@pnge.psu.edu] Sent: Thursday, November 29, 2001 1:15 PM To: Campbell, Larry Subject: Summary of Progress

Dear Larry: It was good hearing from you a few days ago. We are wrapping up a progress report on the project but I can tell you briefly what we have accomplished so far. We have finished the PCB model development/modification to incorporate most of the main ideas that we talked about when you, John and your crew visited us. Specifically, we have been able to extend the model significantly to include flow regime impact on cleanup efficiency and the amou","Thanks Michael for the brief update.  it sounds encouraging.  I am looking forward to putting the model into motion.  No problem with signing the no cost extension for the project, send it my way."
3,"Congratulations on the milestone, Michael. If you need any help with validation datasets or computational resources for the extended model, just let me know—I’m happy to assist.",0.1388394934516862,0.7755102040816326,0.14285714285714285,-0.12439913859303951,False,92050e0306,fa05b51081,neutral,"From: Michael Adewumi [mailto:michael@pnge.psu.edu] Sent: Thursday, November 29, 2001 1:15 PM To: Campbell, Larry Subject: Summary of Progress

Dear Larry: It was good hearing from you a few days ago. We are wrapping up a progress report on the project but I can tell you briefly what we have accomplished so far. We have finished the PCB model development/modification to incorporate most of the main ideas that we talked about when you, John and your crew visited us. Specifically, we have been able to extend the model significantly to include flow regime impact on cleanup efficiency and the amou","Thanks Michael for the brief update.  it sounds encouraging.  I am looking forward to putting the model into motion.  No problem with signing the no cost extension for the project, send it my way."
4,"Great to hear the model development is wrapping up. Once the progress report is finalized, could you share a copy with the team? Also, let me know if there are any upcoming milestones we should track.",0.1715792919352878,0.8,0.07017543859649122,-0.10635412984404823,False,92050e0306,fa05b51081,neutral,"From: Michael Adewumi [mailto:michael@pnge.psu.edu] Sent: Thursday, November 29, 2001 1:15 PM To: Campbell, Larry Subject: Summary of Progress

Dear Larry: It was good hearing from you a few days ago. We are wrapping up a progress report on the project but I can tell you briefly what we have accomplished so far. We have finished the PCB model development/modification to incorporate most of the main ideas that we talked about when you, John and your crew visited us. Specifically, we have been able to extend the model significantly to include flow regime impact on cleanup efficiency and the amou","Thanks Michael for the brief update.  it sounds encouraging.  I am looking forward to putting the model into motion.  No problem with signing the no cost extension for the project, send it my way."
0,"Thanks for the update, Michael. I look forward to seeing the full progress report when it's ready. Let me know if you need any assistance from my side.",0.14470908125623694,0.6224489795918368,0.1956521739130435,-0.14653093104160017,False,92050e0306,fa05b51081,fewshot,"From: Michael Adewumi [mailto:michael@pnge.psu.edu] Sent: Thursday, November 29, 2001 1:15 PM To: Campbell, Larry Subject: Summary of Progress

Dear Larry: It was good hearing from you a few days ago. We are wrapping up a progress report on the project but I can tell you briefly what we have accomplished so far. We have finished the PCB model development/modification to incorporate most of the main ideas that we talked about when you, John and your crew visited us. Specifically, we have been able to extend the model significantly to include flow regime impact on cleanup efficiency and the amou","Thanks Michael for the brief update.  it sounds encouraging.  I am looking forward to putting the model into motion.  No problem with signing the no cost extension for the project, send it my way."
1,Great to hear the PCB model enhancements are coming along. Could you share a brief summary of the flow regime impact findings once they're available?,0.1390330058532974,0.7244897959183674,0.08333333333333333,-0.09914504402406164,False,92050e0306,fa05b51081,fewshot,"From: Michael Adewumi [mailto:michael@pnge.psu.edu] Sent: Thursday, November 29, 2001 1:15 PM To: Campbell, Larry Subject: Summary of Progress

Dear Larry: It was good hearing from you a few days ago. We are wrapping up a progress report on the project but I can tell you briefly what we have accomplished so far. We have finished the PCB model development/modification to incorporate most of the main ideas that we talked about when you, John and your crew visited us. Specifically, we have been able to extend the model significantly to include flow regime impact on cleanup efficiency and the amou","Thanks Michael for the brief update.  it sounds encouraging.  I am looking forward to putting the model into motion.  No problem with signing the no cost extension for the project, send it my way."
2,Appreciate the quick rundown. Please keep me in the loop as you finalize the report—I'm eager to review the completed work.,0.1392350668833819,0.7193877551020408,0.044444444444444446,-0.1961089118749618,False,92050e0306,fa05b51081,fewshot,"From: Michael Adewumi [mailto:michael@pnge.psu.edu] Sent: Thursday, November 29, 2001 1:15 PM To: Campbell, Larry Subject: Summary of Progress

Dear Larry: It was good hearing from you a few days ago. We are wrapping up a progress report on the project but I can tell you briefly what we have accomplished so far. We have finished the PCB model development/modification to incorporate most of the main ideas that we talked about when you, John and your crew visited us. Specifically, we have been able to extend the model significantly to include flow regime impact on cleanup efficiency and the amou","Thanks Michael for the brief update.  it sounds encouraging.  I am looking forward to putting the model into motion.  No problem with signing the no cost extension for the project, send it my way."
3,"Sounds like solid progress. If there are any preliminary results or data you'd like feedback on, feel free to send them over.",0.11863229835178049,0.7295918367346939,0.06521739130434782,-0.17237220257080357,False,92050e0306,fa05b51081,fewshot,"From: Michael Adewumi [mailto:michael@pnge.psu.edu] Sent: Thursday, November 29, 2001 1:15 PM To: Campbell, Larry Subject: Summary of Progress

Dear Larry: It was good hearing from you a few days ago. We are wrapping up a progress report on the project but I can tell you briefly what we have accomplished so far. We have finished the PCB model development/modification to incorporate most of the main ideas that we talked about when you, John and your crew visited us. Specifically, we have been able to extend the model significantly to include flow regime impact on cleanup efficiency and the amou","Thanks Michael for the brief update.  it sounds encouraging.  I am looking forward to putting the model into motion.  No problem with signing the no cost extension for the project, send it my way."
4,"Thanks, Michael. Let's schedule a short call next week to discuss the report and any next steps.",0.10892129831500535,0.7193877551020408,0.1,-0.11524746705368692,False,92050e0306,fa05b51081,fewshot,"From: Michael Adewumi [mailto:michael@pnge.psu.edu] Sent: Thursday, November 29, 2001 1:15 PM To: Campbell, Larry Subject: Summary of Progress

Dear Larry: It was good hearing from you a few days ago. We are wrapping up a progress report on the project but I can tell you briefly what we have accomplished so far. We have finished the PCB model development/modification to incorporate most of the main ideas that we talked about when you, John and your crew visited us. Specifically, we have been able to extend the model significantly to include flow regime impact on cleanup efficiency and the amou","Thanks Michael for the brief update.  it sounds encouraging.  I am looking forward to putting the model into motion.  No problem with signing the no cost extension for the project, send it my way."
0,"Thanks for the offer, but I'm not interested. Please remove me from your mailing list.",0.09596414054875249,0.686046511627907,0.35294117647058826,-0.13291110951026638,False,e195abb0ea,2363de00ed,neutral,"From: 	Satellite Concepts <NationalBrands@processrequest.com>@ENRON Sent:	Wednesday, November 28, 2001 3:07 PM To:	KWARD@ECT.ENRON.COM Subject:	You've got to see this!

[IMAGE] << File: http://www.prq0.com/apps/redir.asp?link=XbciifegDE,YjcbjcbdeDB&oid=UcjgbBI >>
[IMAGE] << File: http://www.prq0.com/apps/redir.asp?link=XbciifegDE,YjcbjcbdeDB&oid=UcjgbBI >>
[IMAGE]
Dear KWARD@ECT.ENRON.COM:   We are pleased to provide the following information:   YOU HAVE BEEN SELECTED TO RECEIVE A FREE DIRECTV Satellite Entertainment System!   This is a special, limited-time offer with no hidden costs.  A FREE",Please remove me from your email distribution list.
1,Could you provide more details about the system and any requirements to qualify for this free offer?,0.0990033327417931,0.74,0.0,0.030645445187200346,False,e195abb0ea,2363de00ed,neutral,"From: 	Satellite Concepts <NationalBrands@processrequest.com>@ENRON Sent:	Wednesday, November 28, 2001 3:07 PM To:	KWARD@ECT.ENRON.COM Subject:	You've got to see this!

[IMAGE] << File: http://www.prq0.com/apps/redir.asp?link=XbciifegDE,YjcbjcbdeDB&oid=UcjgbBI >>
[IMAGE] << File: http://www.prq0.com/apps/redir.asp?link=XbciifegDE,YjcbjcbdeDB&oid=UcjgbBI >>
[IMAGE]
Dear KWARD@ECT.ENRON.COM:   We are pleased to provide the following information:   YOU HAVE BEEN SELECTED TO RECEIVE A FREE DIRECTV Satellite Entertainment System!   This is a special, limited-time offer with no hidden costs.  A FREE",Please remove me from your email distribution list.
2,"I appreciate the email, but I suspect this might be a scam. Can you verify the legitimacy of this promotion?",0.08965765314210396,0.75,0.041666666666666664,-0.10243912605366798,False,e195abb0ea,2363de00ed,neutral,"From: 	Satellite Concepts <NationalBrands@processrequest.com>@ENRON Sent:	Wednesday, November 28, 2001 3:07 PM To:	KWARD@ECT.ENRON.COM Subject:	You've got to see this!

[IMAGE] << File: http://www.prq0.com/apps/redir.asp?link=XbciifegDE,YjcbjcbdeDB&oid=UcjgbBI >>
[IMAGE] << File: http://www.prq0.com/apps/redir.asp?link=XbciifegDE,YjcbjcbdeDB&oid=UcjgbBI >>
[IMAGE]
Dear KWARD@ECT.ENRON.COM:   We are pleased to provide the following information:   YOU HAVE BEEN SELECTED TO RECEIVE A FREE DIRECTV Satellite Entertainment System!   This is a special, limited-time offer with no hidden costs.  A FREE",Please remove me from your email distribution list.
3,"I already have a satellite service, so I don't need another system. Best regards.",0.07234822288714368,0.7407407407407407,0.0,-0.13291110951026638,False,e195abb0ea,2363de00ed,neutral,"From: 	Satellite Concepts <NationalBrands@processrequest.com>@ENRON Sent:	Wednesday, November 28, 2001 3:07 PM To:	KWARD@ECT.ENRON.COM Subject:	You've got to see this!

[IMAGE] << File: http://www.prq0.com/apps/redir.asp?link=XbciifegDE,YjcbjcbdeDB&oid=UcjgbBI >>
[IMAGE] << File: http://www.prq0.com/apps/redir.asp?link=XbciifegDE,YjcbjcbdeDB&oid=UcjgbBI >>
[IMAGE]
Dear KWARD@ECT.ENRON.COM:   We are pleased to provide the following information:   YOU HAVE BEEN SELECTED TO RECEIVE A FREE DIRECTV Satellite Entertainment System!   This is a special, limited-time offer with no hidden costs.  A FREE",Please remove me from your email distribution list.
4,"Please stop sending unsolicited offers. If you continue, I will report this as spam.",0.07957863076115235,0.6904761904761905,0.047619047619047616,-0.19665093011340204,False,e195abb0ea,2363de00ed,neutral,"From: 	Satellite Concepts <NationalBrands@processrequest.com>@ENRON Sent:	Wednesday, November 28, 2001 3:07 PM To:	KWARD@ECT.ENRON.COM Subject:	You've got to see this!

[IMAGE] << File: http://www.prq0.com/apps/redir.asp?link=XbciifegDE,YjcbjcbdeDB&oid=UcjgbBI >>
[IMAGE] << File: http://www.prq0.com/apps/redir.asp?link=XbciifegDE,YjcbjcbdeDB&oid=UcjgbBI >>
[IMAGE]
Dear KWARD@ECT.ENRON.COM:   We are pleased to provide the following information:   YOU HAVE BEEN SELECTED TO RECEIVE A FREE DIRECTV Satellite Entertainment System!   This is a special, limited-time offer with no hidden costs.  A FREE",Please remove me from your email distribution list.
0,"Thank you for the offer, but I am not interested in a DIRECTV system at this time.",0.09697468714945032,0.7195121951219512,0.0,-0.09088605797978404,False,e195abb0ea,2363de00ed,fewshot,"From: 	Satellite Concepts <NationalBrands@processrequest.com>@ENRON Sent:	Wednesday, November 28, 2001 3:07 PM To:	KWARD@ECT.ENRON.COM Subject:	You've got to see this!

[IMAGE] << File: http://www.prq0.com/apps/redir.asp?link=XbciifegDE,YjcbjcbdeDB&oid=UcjgbBI >>
[IMAGE] << File: http://www.prq0.com/apps/redir.asp?link=XbciifegDE,YjcbjcbdeDB&oid=UcjgbBI >>
[IMAGE]
Dear KWARD@ECT.ENRON.COM:   We are pleased to provide the following information:   YOU HAVE BEEN SELECTED TO RECEIVE A FREE DIRECTV Satellite Entertainment System!   This is a special, limited-time offer with no hidden costs.  A FREE",Please remove me from your email distribution list.
1,Please remove my address from your mailing list.,0.0623473613577173,0.4117647058823529,0.45454545454545453,-0.16794582416816747,False,e195abb0ea,2363de00ed,fewshot,"From: 	Satellite Concepts <NationalBrands@processrequest.com>@ENRON Sent:	Wednesday, November 28, 2001 3:07 PM To:	KWARD@ECT.ENRON.COM Subject:	You've got to see this!

[IMAGE] << File: http://www.prq0.com/apps/redir.asp?link=XbciifegDE,YjcbjcbdeDB&oid=UcjgbBI >>
[IMAGE] << File: http://www.prq0.com/apps/redir.asp?link=XbciifegDE,YjcbjcbdeDB&oid=UcjgbBI >>
[IMAGE]
Dear KWARD@ECT.ENRON.COM:   We are pleased to provide the following information:   YOU HAVE BEEN SELECTED TO RECEIVE A FREE DIRECTV Satellite Entertainment System!   This is a special, limited-time offer with no hidden costs.  A FREE",Please remove me from your email distribution list.
2,"I appreciate the offer, but I must decline. Thank you.

Kim Ward
Manager, West Gas Origination",0.08250752143341926,0.7446808510638298,0.0,0.0032771200214662417,False,e195abb0ea,2363de00ed,fewshot,"From: 	Satellite Concepts <NationalBrands@processrequest.com>@ENRON Sent:	Wednesday, November 28, 2001 3:07 PM To:	KWARD@ECT.ENRON.COM Subject:	You've got to see this!

[IMAGE] << File: http://www.prq0.com/apps/redir.asp?link=XbciifegDE,YjcbjcbdeDB&oid=UcjgbBI >>
[IMAGE] << File: http://www.prq0.com/apps/redir.asp?link=XbciifegDE,YjcbjcbdeDB&oid=UcjgbBI >>
[IMAGE]
Dear KWARD@ECT.ENRON.COM:   We are pleased to provide the following information:   YOU HAVE BEEN SELECTED TO RECEIVE A FREE DIRECTV Satellite Entertainment System!   This is a special, limited-time offer with no hidden costs.  A FREE",Please remove me from your email distribution list.
3,"Not interested, thanks!",0.05364616601782572,0.8235294117647058,0.0,-0.3008907620743685,False,e195abb0ea,2363de00ed,fewshot,"From: 	Satellite Concepts <NationalBrands@processrequest.com>@ENRON Sent:	Wednesday, November 28, 2001 3:07 PM To:	KWARD@ECT.ENRON.COM Subject:	You've got to see this!

[IMAGE] << File: http://www.prq0.com/apps/redir.asp?link=XbciifegDE,YjcbjcbdeDB&oid=UcjgbBI >>
[IMAGE] << File: http://www.prq0.com/apps/redir.asp?link=XbciifegDE,YjcbjcbdeDB&oid=UcjgbBI >>
[IMAGE]
Dear KWARD@ECT.ENRON.COM:   We are pleased to provide the following information:   YOU HAVE BEEN SELECTED TO RECEIVE A FREE DIRECTV Satellite Entertainment System!   This is a special, limited-time offer with no hidden costs.  A FREE",Please remove me from your email distribution list.
4,This looks like spam; please do not contact me again.,0.06297109997287652,0.8301886792452831,0.125,-0.09945663955109822,False,e195abb0ea,2363de00ed,fewshot,"From: 	Satellite Concepts <NationalBrands@processrequest.com>@ENRON Sent:	Wednesday, November 28, 2001 3:07 PM To:	KWARD@ECT.ENRON.COM Subject:	You've got to see this!

[IMAGE] << File: http://www.prq0.com/apps/redir.asp?link=XbciifegDE,YjcbjcbdeDB&oid=UcjgbBI >>
[IMAGE] << File: http://www.prq0.com/apps/redir.asp?link=XbciifegDE,YjcbjcbdeDB&oid=UcjgbBI >>
[IMAGE]
Dear KWARD@ECT.ENRON.COM:   We are pleased to provide the following information:   YOU HAVE BEEN SELECTED TO RECEIVE A FREE DIRECTV Satellite Entertainment System!   This is a special, limited-time offer with no hidden costs.  A FREE",Please remove me from your email distribution list.
0,"""thanks for the offer!\ncan you tell me what channels are included?",0.0822774312786495,0.7910447761194029,0.05263157894736842,-0.3987486091421532,False,e195abb0ea,2363de00ed,instruction,"From: 	Satellite Concepts <NationalBrands@processrequest.com>@ENRON Sent:	Wednesday, November 28, 2001 3:07 PM To:	KWARD@ECT.ENRON.COM Subject:	You've got to see this!

[IMAGE] << File: http://www.prq0.com/apps/redir.asp?link=XbciifegDE,YjcbjcbdeDB&oid=UcjgbBI >>
[IMAGE] << File: http://www.prq0.com/apps/redir.asp?link=XbciifegDE,YjcbjcbdeDB&oid=UcjgbBI >>
[IMAGE]
Dear KWARD@ECT.ENRON.COM:   We are pleased to provide the following information:   YOU HAVE BEEN SELECTED TO RECEIVE A FREE DIRECTV Satellite Entertainment System!   This is a special, limited-time offer with no hidden costs.  A FREE",Please remove me from your email distribution list.
0,Thanks for the update.,0.06294010596835198,0.9747899159663865,0.011363636363636364,-1.5018719322494611,False,3e42eebc25,a31a43c194,neutral,"Wendi Lebrocq/ENRON@enronXgate 05/18/2001 02:49 PM

To: Karen Lambert/ENRON@enronXgate, Tana Jones/HOU/ECT@ECT, Samuel Schott/ENRON@enronXgate, Mark Taylor/HOU/ECT@ECT, Brant Reves/ENRON@enronXgate, Debbie R Brackett/ENRON@enronXgate, Cynthia Clark/ENRON@enronXgate, Enron Europe Global CounterParty/LON/ECT@ECT, Stephanie Sever/ENRON@enronXgate, Tom Moran/ENRON@enronXgate, Claudia Clark/ENRON@enronXgate, William S Bradford/ENRON@enronXgate, Lisa Lees/ENRON@enronXgate, Juana Fayett/Corp/Enron@Enron, Jana Morse/Corp/Enron@Enron, Trang Le/HOU/ECT@ECT, Paul Maley/LON/ECT@ECT, Sonya Clarke/LON/ECT@E","This counterparty is a public corporation and a political subdivision of the State of Nebraska (a governmental entity).  Sorry it took so long, I had to search the web and I just now had time.

Marcus Nettelton@ENRON 05/20/2001 12:36 PM

To: Tana Jones/HOU/ECT@ECT cc: Subject: Re: FW: EOL Approvals: 05-18-01

Please provide more information on this entity.

Tana Jones@ECT 05/18/2001 02:56 PM

To: Alan Aronowitz/HOU/ECT@ECT, Jeffrey T Hodge/HOU/ECT@ECT, Marcus Nettelton/NA/Enron@ENRON, Harry M Collins/HOU/ECT@ECT, David Minns/ENRON_DEVELOPMENT@ENRON_DEVELOPMENt, Marie Heard/Enron Communications@Enron Communications, Robbi Rossi/Enron Communications@Enron Communications, John Viverito/Corp/Enron@Enron, Jane McBride/AP/Enron@Enron, Andrea Calo/SA/Enron@Enron, Peter Keohane/CAL/ECT@ECT cc: Subject: FW: EOL Approvals: 05-18-01"
1,I'll review this and get back to you shortly.,0.06559686779451995,0.9531812725090036,0.03296703296703297,-0.9853508869432672,False,3e42eebc25,a31a43c194,neutral,"Wendi Lebrocq/ENRON@enronXgate 05/18/2001 02:49 PM

To: Karen Lambert/ENRON@enronXgate, Tana Jones/HOU/ECT@ECT, Samuel Schott/ENRON@enronXgate, Mark Taylor/HOU/ECT@ECT, Brant Reves/ENRON@enronXgate, Debbie R Brackett/ENRON@enronXgate, Cynthia Clark/ENRON@enronXgate, Enron Europe Global CounterParty/LON/ECT@ECT, Stephanie Sever/ENRON@enronXgate, Tom Moran/ENRON@enronXgate, Claudia Clark/ENRON@enronXgate, William S Bradford/ENRON@enronXgate, Lisa Lees/ENRON@enronXgate, Juana Fayett/Corp/Enron@Enron, Jana Morse/Corp/Enron@Enron, Trang Le/HOU/ECT@ECT, Paul Maley/LON/ECT@ECT, Sonya Clarke/LON/ECT@E","This counterparty is a public corporation and a political subdivision of the State of Nebraska (a governmental entity).  Sorry it took so long, I had to search the web and I just now had time.

Marcus Nettelton@ENRON 05/20/2001 12:36 PM

To: Tana Jones/HOU/ECT@ECT cc: Subject: Re: FW: EOL Approvals: 05-18-01

Please provide more information on this entity.

Tana Jones@ECT 05/18/2001 02:56 PM

To: Alan Aronowitz/HOU/ECT@ECT, Jeffrey T Hodge/HOU/ECT@ECT, Marcus Nettelton/NA/Enron@ENRON, Harry M Collins/HOU/ECT@ECT, David Minns/ENRON_DEVELOPMENT@ENRON_DEVELOPMENt, Marie Heard/Enron Communications@Enron Communications, Robbi Rossi/Enron Communications@Enron Communications, John Viverito/Corp/Enron@Enron, Jane McBride/AP/Enron@Enron, Andrea Calo/SA/Enron@Enron, Peter Keohane/CAL/ECT@ECT cc: Subject: FW: EOL Approvals: 05-18-01"
2,Please keep me informed of any next steps.,0.050168521965826225,0.9531812725090036,0.02197802197802198,-0.950990546385002,False,3e42eebc25,a31a43c194,neutral,"Wendi Lebrocq/ENRON@enronXgate 05/18/2001 02:49 PM

To: Karen Lambert/ENRON@enronXgate, Tana Jones/HOU/ECT@ECT, Samuel Schott/ENRON@enronXgate, Mark Taylor/HOU/ECT@ECT, Brant Reves/ENRON@enronXgate, Debbie R Brackett/ENRON@enronXgate, Cynthia Clark/ENRON@enronXgate, Enron Europe Global CounterParty/LON/ECT@ECT, Stephanie Sever/ENRON@enronXgate, Tom Moran/ENRON@enronXgate, Claudia Clark/ENRON@enronXgate, William S Bradford/ENRON@enronXgate, Lisa Lees/ENRON@enronXgate, Juana Fayett/Corp/Enron@Enron, Jana Morse/Corp/Enron@Enron, Trang Le/HOU/ECT@ECT, Paul Maley/LON/ECT@ECT, Sonya Clarke/LON/ECT@E","This counterparty is a public corporation and a political subdivision of the State of Nebraska (a governmental entity).  Sorry it took so long, I had to search the web and I just now had time.

Marcus Nettelton@ENRON 05/20/2001 12:36 PM

To: Tana Jones/HOU/ECT@ECT cc: Subject: Re: FW: EOL Approvals: 05-18-01

Please provide more information on this entity.

Tana Jones@ECT 05/18/2001 02:56 PM

To: Alan Aronowitz/HOU/ECT@ECT, Jeffrey T Hodge/HOU/ECT@ECT, Marcus Nettelton/NA/Enron@ENRON, Harry M Collins/HOU/ECT@ECT, David Minns/ENRON_DEVELOPMENT@ENRON_DEVELOPMENt, Marie Heard/Enron Communications@Enron Communications, Robbi Rossi/Enron Communications@Enron Communications, John Viverito/Corp/Enron@Enron, Jane McBride/AP/Enron@Enron, Andrea Calo/SA/Enron@Enron, Peter Keohane/CAL/ECT@ECT cc: Subject: FW: EOL Approvals: 05-18-01"
3,"Noted, I'll coordinate with the relevant parties.",0.06497056268221642,0.9471788715486195,0.01098901098901099,-0.9712648691424602,False,3e42eebc25,a31a43c194,neutral,"Wendi Lebrocq/ENRON@enronXgate 05/18/2001 02:49 PM

To: Karen Lambert/ENRON@enronXgate, Tana Jones/HOU/ECT@ECT, Samuel Schott/ENRON@enronXgate, Mark Taylor/HOU/ECT@ECT, Brant Reves/ENRON@enronXgate, Debbie R Brackett/ENRON@enronXgate, Cynthia Clark/ENRON@enronXgate, Enron Europe Global CounterParty/LON/ECT@ECT, Stephanie Sever/ENRON@enronXgate, Tom Moran/ENRON@enronXgate, Claudia Clark/ENRON@enronXgate, William S Bradford/ENRON@enronXgate, Lisa Lees/ENRON@enronXgate, Juana Fayett/Corp/Enron@Enron, Jana Morse/Corp/Enron@Enron, Trang Le/HOU/ECT@ECT, Paul Maley/LON/ECT@ECT, Sonya Clarke/LON/ECT@E","This counterparty is a public corporation and a political subdivision of the State of Nebraska (a governmental entity).  Sorry it took so long, I had to search the web and I just now had time.

Marcus Nettelton@ENRON 05/20/2001 12:36 PM

To: Tana Jones/HOU/ECT@ECT cc: Subject: Re: FW: EOL Approvals: 05-18-01

Please provide more information on this entity.

Tana Jones@ECT 05/18/2001 02:56 PM

To: Alan Aronowitz/HOU/ECT@ECT, Jeffrey T Hodge/HOU/ECT@ECT, Marcus Nettelton/NA/Enron@ENRON, Harry M Collins/HOU/ECT@ECT, David Minns/ENRON_DEVELOPMENT@ENRON_DEVELOPMENt, Marie Heard/Enron Communications@Enron Communications, Robbi Rossi/Enron Communications@Enron Communications, John Viverito/Corp/Enron@Enron, Jane McBride/AP/Enron@Enron, Andrea Calo/SA/Enron@Enron, Peter Keohane/CAL/ECT@ECT cc: Subject: FW: EOL Approvals: 05-18-01"
4,Let me know if you need any assistance.,0.07024580669979802,0.9555822328931572,0.0,-0.7849128594313318,False,3e42eebc25,a31a43c194,neutral,"Wendi Lebrocq/ENRON@enronXgate 05/18/2001 02:49 PM

To: Karen Lambert/ENRON@enronXgate, Tana Jones/HOU/ECT@ECT, Samuel Schott/ENRON@enronXgate, Mark Taylor/HOU/ECT@ECT, Brant Reves/ENRON@enronXgate, Debbie R Brackett/ENRON@enronXgate, Cynthia Clark/ENRON@enronXgate, Enron Europe Global CounterParty/LON/ECT@ECT, Stephanie Sever/ENRON@enronXgate, Tom Moran/ENRON@enronXgate, Claudia Clark/ENRON@enronXgate, William S Bradford/ENRON@enronXgate, Lisa Lees/ENRON@enronXgate, Juana Fayett/Corp/Enron@Enron, Jana Morse/Corp/Enron@Enron, Trang Le/HOU/ECT@ECT, Paul Maley/LON/ECT@ECT, Sonya Clarke/LON/ECT@E","This counterparty is a public corporation and a political subdivision of the State of Nebraska (a governmental entity).  Sorry it took so long, I had to search the web and I just now had time.

Marcus Nettelton@ENRON 05/20/2001 12:36 PM

To: Tana Jones/HOU/ECT@ECT cc: Subject: Re: FW: EOL Approvals: 05-18-01

Please provide more information on this entity.

Tana Jones@ECT 05/18/2001 02:56 PM

To: Alan Aronowitz/HOU/ECT@ECT, Jeffrey T Hodge/HOU/ECT@ECT, Marcus Nettelton/NA/Enron@ENRON, Harry M Collins/HOU/ECT@ECT, David Minns/ENRON_DEVELOPMENT@ENRON_DEVELOPMENt, Marie Heard/Enron Communications@Enron Communications, Robbi Rossi/Enron Communications@Enron Communications, John Viverito/Corp/Enron@Enron, Jane McBride/AP/Enron@Enron, Andrea Calo/SA/Enron@Enron, Peter Keohane/CAL/ECT@ECT cc: Subject: FW: EOL Approvals: 05-18-01"
0,"Thanks, Wendi. I’ve reviewed the list and will forward the necessary approvals to the credit team by end of day.",0.10118077504441278,0.9003601440576231,0.061224489795918366,-0.6442944175774111,False,3e42eebc25,a31a43c194,fewshot,"Wendi Lebrocq/ENRON@enronXgate 05/18/2001 02:49 PM

To: Karen Lambert/ENRON@enronXgate, Tana Jones/HOU/ECT@ECT, Samuel Schott/ENRON@enronXgate, Mark Taylor/HOU/ECT@ECT, Brant Reves/ENRON@enronXgate, Debbie R Brackett/ENRON@enronXgate, Cynthia Clark/ENRON@enronXgate, Enron Europe Global CounterParty/LON/ECT@ECT, Stephanie Sever/ENRON@enronXgate, Tom Moran/ENRON@enronXgate, Claudia Clark/ENRON@enronXgate, William S Bradford/ENRON@enronXgate, Lisa Lees/ENRON@enronXgate, Juana Fayett/Corp/Enron@Enron, Jana Morse/Corp/Enron@Enron, Trang Le/HOU/ECT@ECT, Paul Maley/LON/ECT@ECT, Sonya Clarke/LON/ECT@E","This counterparty is a public corporation and a political subdivision of the State of Nebraska (a governmental entity).  Sorry it took so long, I had to search the web and I just now had time.

Marcus Nettelton@ENRON 05/20/2001 12:36 PM

To: Tana Jones/HOU/ECT@ECT cc: Subject: Re: FW: EOL Approvals: 05-18-01

Please provide more information on this entity.

Tana Jones@ECT 05/18/2001 02:56 PM

To: Alan Aronowitz/HOU/ECT@ECT, Jeffrey T Hodge/HOU/ECT@ECT, Marcus Nettelton/NA/Enron@ENRON, Harry M Collins/HOU/ECT@ECT, David Minns/ENRON_DEVELOPMENT@ENRON_DEVELOPMENt, Marie Heard/Enron Communications@Enron Communications, Robbi Rossi/Enron Communications@Enron Communications, John Viverito/Corp/Enron@Enron, Jane McBride/AP/Enron@Enron, Andrea Calo/SA/Enron@Enron, Peter Keohane/CAL/ECT@ECT cc: Subject: FW: EOL Approvals: 05-18-01"
1,"Wendi, could you clarify which counterparties need the master agreement updated? Let me know if you need any legal templates.",0.10522140143278325,0.8883553421368547,0.00980392156862745,-0.9344262315997706,False,3e42eebc25,a31a43c194,fewshot,"Wendi Lebrocq/ENRON@enronXgate 05/18/2001 02:49 PM

To: Karen Lambert/ENRON@enronXgate, Tana Jones/HOU/ECT@ECT, Samuel Schott/ENRON@enronXgate, Mark Taylor/HOU/ECT@ECT, Brant Reves/ENRON@enronXgate, Debbie R Brackett/ENRON@enronXgate, Cynthia Clark/ENRON@enronXgate, Enron Europe Global CounterParty/LON/ECT@ECT, Stephanie Sever/ENRON@enronXgate, Tom Moran/ENRON@enronXgate, Claudia Clark/ENRON@enronXgate, William S Bradford/ENRON@enronXgate, Lisa Lees/ENRON@enronXgate, Juana Fayett/Corp/Enron@Enron, Jana Morse/Corp/Enron@Enron, Trang Le/HOU/ECT@ECT, Paul Maley/LON/ECT@ECT, Sonya Clarke/LON/ECT@E","This counterparty is a public corporation and a political subdivision of the State of Nebraska (a governmental entity).  Sorry it took so long, I had to search the web and I just now had time.

Marcus Nettelton@ENRON 05/20/2001 12:36 PM

To: Tana Jones/HOU/ECT@ECT cc: Subject: Re: FW: EOL Approvals: 05-18-01

Please provide more information on this entity.

Tana Jones@ECT 05/18/2001 02:56 PM

To: Alan Aronowitz/HOU/ECT@ECT, Jeffrey T Hodge/HOU/ECT@ECT, Marcus Nettelton/NA/Enron@ENRON, Harry M Collins/HOU/ECT@ECT, David Minns/ENRON_DEVELOPMENT@ENRON_DEVELOPMENt, Marie Heard/Enron Communications@Enron Communications, Robbi Rossi/Enron Communications@Enron Communications, John Viverito/Corp/Enron@Enron, Jane McBride/AP/Enron@Enron, Andrea Calo/SA/Enron@Enron, Peter Keohane/CAL/ECT@ECT cc: Subject: FW: EOL Approvals: 05-18-01"
2,Noted. I’ll coordinate with the ECT group to ensure the European counterparty receives the updated risk limits.,0.09403055557810444,0.8943577430972389,0.052083333333333336,-0.7005601829015191,False,3e42eebc25,a31a43c194,fewshot,"Wendi Lebrocq/ENRON@enronXgate 05/18/2001 02:49 PM

To: Karen Lambert/ENRON@enronXgate, Tana Jones/HOU/ECT@ECT, Samuel Schott/ENRON@enronXgate, Mark Taylor/HOU/ECT@ECT, Brant Reves/ENRON@enronXgate, Debbie R Brackett/ENRON@enronXgate, Cynthia Clark/ENRON@enronXgate, Enron Europe Global CounterParty/LON/ECT@ECT, Stephanie Sever/ENRON@enronXgate, Tom Moran/ENRON@enronXgate, Claudia Clark/ENRON@enronXgate, William S Bradford/ENRON@enronXgate, Lisa Lees/ENRON@enronXgate, Juana Fayett/Corp/Enron@Enron, Jana Morse/Corp/Enron@Enron, Trang Le/HOU/ECT@ECT, Paul Maley/LON/ECT@ECT, Sonya Clarke/LON/ECT@E","This counterparty is a public corporation and a political subdivision of the State of Nebraska (a governmental entity).  Sorry it took so long, I had to search the web and I just now had time.

Marcus Nettelton@ENRON 05/20/2001 12:36 PM

To: Tana Jones/HOU/ECT@ECT cc: Subject: Re: FW: EOL Approvals: 05-18-01

Please provide more information on this entity.

Tana Jones@ECT 05/18/2001 02:56 PM

To: Alan Aronowitz/HOU/ECT@ECT, Jeffrey T Hodge/HOU/ECT@ECT, Marcus Nettelton/NA/Enron@ENRON, Harry M Collins/HOU/ECT@ECT, David Minns/ENRON_DEVELOPMENT@ENRON_DEVELOPMENt, Marie Heard/Enron Communications@Enron Communications, Robbi Rossi/Enron Communications@Enron Communications, John Viverito/Corp/Enron@Enron, Jane McBride/AP/Enron@Enron, Andrea Calo/SA/Enron@Enron, Peter Keohane/CAL/ECT@ECT cc: Subject: FW: EOL Approvals: 05-18-01"
3,Please find attached the latest credit exposure report for the parties you mentioned. Let me know if any adjustments are required.,0.11368934893371431,0.8787515006002401,0.019417475728155338,-0.5712175573602654,False,3e42eebc25,a31a43c194,fewshot,"Wendi Lebrocq/ENRON@enronXgate 05/18/2001 02:49 PM

To: Karen Lambert/ENRON@enronXgate, Tana Jones/HOU/ECT@ECT, Samuel Schott/ENRON@enronXgate, Mark Taylor/HOU/ECT@ECT, Brant Reves/ENRON@enronXgate, Debbie R Brackett/ENRON@enronXgate, Cynthia Clark/ENRON@enronXgate, Enron Europe Global CounterParty/LON/ECT@ECT, Stephanie Sever/ENRON@enronXgate, Tom Moran/ENRON@enronXgate, Claudia Clark/ENRON@enronXgate, William S Bradford/ENRON@enronXgate, Lisa Lees/ENRON@enronXgate, Juana Fayett/Corp/Enron@Enron, Jana Morse/Corp/Enron@Enron, Trang Le/HOU/ECT@ECT, Paul Maley/LON/ECT@ECT, Sonya Clarke/LON/ECT@E","This counterparty is a public corporation and a political subdivision of the State of Nebraska (a governmental entity).  Sorry it took so long, I had to search the web and I just now had time.

Marcus Nettelton@ENRON 05/20/2001 12:36 PM

To: Tana Jones/HOU/ECT@ECT cc: Subject: Re: FW: EOL Approvals: 05-18-01

Please provide more information on this entity.

Tana Jones@ECT 05/18/2001 02:56 PM

To: Alan Aronowitz/HOU/ECT@ECT, Jeffrey T Hodge/HOU/ECT@ECT, Marcus Nettelton/NA/Enron@ENRON, Harry M Collins/HOU/ECT@ECT, David Minns/ENRON_DEVELOPMENT@ENRON_DEVELOPMENt, Marie Heard/Enron Communications@Enron Communications, Robbi Rossi/Enron Communications@Enron Communications, John Viverito/Corp/Enron@Enron, Jane McBride/AP/Enron@Enron, Andrea Calo/SA/Enron@Enron, Peter Keohane/CAL/ECT@ECT cc: Subject: FW: EOL Approvals: 05-18-01"
4,Got it. I’ll update the tracking sheet and notify the relevant traders once the approvals are in place.,0.09907178260494548,0.8979591836734694,0.05154639175257732,-0.7786035451020926,False,3e42eebc25,a31a43c194,fewshot,"Wendi Lebrocq/ENRON@enronXgate 05/18/2001 02:49 PM

To: Karen Lambert/ENRON@enronXgate, Tana Jones/HOU/ECT@ECT, Samuel Schott/ENRON@enronXgate, Mark Taylor/HOU/ECT@ECT, Brant Reves/ENRON@enronXgate, Debbie R Brackett/ENRON@enronXgate, Cynthia Clark/ENRON@enronXgate, Enron Europe Global CounterParty/LON/ECT@ECT, Stephanie Sever/ENRON@enronXgate, Tom Moran/ENRON@enronXgate, Claudia Clark/ENRON@enronXgate, William S Bradford/ENRON@enronXgate, Lisa Lees/ENRON@enronXgate, Juana Fayett/Corp/Enron@Enron, Jana Morse/Corp/Enron@Enron, Trang Le/HOU/ECT@ECT, Paul Maley/LON/ECT@ECT, Sonya Clarke/LON/ECT@E","This counterparty is a public corporation and a political subdivision of the State of Nebraska (a governmental entity).  Sorry it took so long, I had to search the web and I just now had time.

Marcus Nettelton@ENRON 05/20/2001 12:36 PM

To: Tana Jones/HOU/ECT@ECT cc: Subject: Re: FW: EOL Approvals: 05-18-01

Please provide more information on this entity.

Tana Jones@ECT 05/18/2001 02:56 PM

To: Alan Aronowitz/HOU/ECT@ECT, Jeffrey T Hodge/HOU/ECT@ECT, Marcus Nettelton/NA/Enron@ENRON, Harry M Collins/HOU/ECT@ECT, David Minns/ENRON_DEVELOPMENT@ENRON_DEVELOPMENt, Marie Heard/Enron Communications@Enron Communications, Robbi Rossi/Enron Communications@Enron Communications, John Viverito/Corp/Enron@Enron, Jane McBride/AP/Enron@Enron, Andrea Calo/SA/Enron@Enron, Peter Keohane/CAL/ECT@ECT cc: Subject: FW: EOL Approvals: 05-18-01"
0,"Hi team!
Thanks for looping me in on this thread. Could you let me know what the next steps are for the Enron Europe Global CounterParty discussion? Looking forward to your update! 🚀",0.11995116477474173,0.8487394957983193,0.05555555555555555,0.08274903680620087,False,3e42eebc25,a31a43c194,instruction,"Wendi Lebrocq/ENRON@enronXgate 05/18/2001 02:49 PM

To: Karen Lambert/ENRON@enronXgate, Tana Jones/HOU/ECT@ECT, Samuel Schott/ENRON@enronXgate, Mark Taylor/HOU/ECT@ECT, Brant Reves/ENRON@enronXgate, Debbie R Brackett/ENRON@enronXgate, Cynthia Clark/ENRON@enronXgate, Enron Europe Global CounterParty/LON/ECT@ECT, Stephanie Sever/ENRON@enronXgate, Tom Moran/ENRON@enronXgate, Claudia Clark/ENRON@enronXgate, William S Bradford/ENRON@enronXgate, Lisa Lees/ENRON@enronXgate, Juana Fayett/Corp/Enron@Enron, Jana Morse/Corp/Enron@Enron, Trang Le/HOU/ECT@ECT, Paul Maley/LON/ECT@ECT, Sonya Clarke/LON/ECT@E","This counterparty is a public corporation and a political subdivision of the State of Nebraska (a governmental entity).  Sorry it took so long, I had to search the web and I just now had time.

Marcus Nettelton@ENRON 05/20/2001 12:36 PM

To: Tana Jones/HOU/ECT@ECT cc: Subject: Re: FW: EOL Approvals: 05-18-01

Please provide more information on this entity.

Tana Jones@ECT 05/18/2001 02:56 PM

To: Alan Aronowitz/HOU/ECT@ECT, Jeffrey T Hodge/HOU/ECT@ECT, Marcus Nettelton/NA/Enron@ENRON, Harry M Collins/HOU/ECT@ECT, David Minns/ENRON_DEVELOPMENT@ENRON_DEVELOPMENt, Marie Heard/Enron Communications@Enron Communications, Robbi Rossi/Enron Communications@Enron Communications, John Viverito/Corp/Enron@Enron, Jane McBride/AP/Enron@Enron, Andrea Calo/SA/Enron@Enron, Peter Keohane/CAL/ECT@ECT cc: Subject: FW: EOL Approvals: 05-18-01"
1,"""Hello everyone!\nI appreciate being included in this distribution list. Are there any specific action items assigned",0.08650420669202637,0.8943577430972389,0.009900990099009901,-0.2225001767120471,False,3e42eebc25,a31a43c194,instruction,"Wendi Lebrocq/ENRON@enronXgate 05/18/2001 02:49 PM

To: Karen Lambert/ENRON@enronXgate, Tana Jones/HOU/ECT@ECT, Samuel Schott/ENRON@enronXgate, Mark Taylor/HOU/ECT@ECT, Brant Reves/ENRON@enronXgate, Debbie R Brackett/ENRON@enronXgate, Cynthia Clark/ENRON@enronXgate, Enron Europe Global CounterParty/LON/ECT@ECT, Stephanie Sever/ENRON@enronXgate, Tom Moran/ENRON@enronXgate, Claudia Clark/ENRON@enronXgate, William S Bradford/ENRON@enronXgate, Lisa Lees/ENRON@enronXgate, Juana Fayett/Corp/Enron@Enron, Jana Morse/Corp/Enron@Enron, Trang Le/HOU/ECT@ECT, Paul Maley/LON/ECT@ECT, Sonya Clarke/LON/ECT@E","This counterparty is a public corporation and a political subdivision of the State of Nebraska (a governmental entity).  Sorry it took so long, I had to search the web and I just now had time.

Marcus Nettelton@ENRON 05/20/2001 12:36 PM

To: Tana Jones/HOU/ECT@ECT cc: Subject: Re: FW: EOL Approvals: 05-18-01

Please provide more information on this entity.

Tana Jones@ECT 05/18/2001 02:56 PM

To: Alan Aronowitz/HOU/ECT@ECT, Jeffrey T Hodge/HOU/ECT@ECT, Marcus Nettelton/NA/Enron@ENRON, Harry M Collins/HOU/ECT@ECT, David Minns/ENRON_DEVELOPMENT@ENRON_DEVELOPMENt, Marie Heard/Enron Communications@Enron Communications, Robbi Rossi/Enron Communications@Enron Communications, John Viverito/Corp/Enron@Enron, Jane McBride/AP/Enron@Enron, Andrea Calo/SA/Enron@Enron, Peter Keohane/CAL/ECT@ECT cc: Subject: FW: EOL Approvals: 05-18-01"
0,I’ll follow up with our contacts at Goldman Sachs and let you know as soon as I have an update.,0.07976599603226928,0.7717391304347826,0.15384615384615385,0.0036301136756042877,False,cb76b07daa,50692538d6,neutral,"From: 	Seyfried, Bryan Sent:	Tuesday, March 05, 2002 9:31 AM To:	Adams, Laurel; Shackleton, Sara Subject:	Goldman Sachs $

Any new information on the $1.5mm owed by Goldman Sachs?","The check was supposed to be sent to Sheila's attention and Laurel was going to retrieve.

Laurel:  Has the check been received?  If not, would you please follow up with Goldman?

Sara"
1,No new information yet; the payment is still pending and we’re awaiting confirmation from their treasury team.,0.08382888628079174,0.7554347826086957,0.047619047619047616,-0.05802446640961311,False,cb76b07daa,50692538d6,neutral,"From: 	Seyfried, Bryan Sent:	Tuesday, March 05, 2002 9:31 AM To:	Adams, Laurel; Shackleton, Sara Subject:	Goldman Sachs $

Any new information on the $1.5mm owed by Goldman Sachs?","The check was supposed to be sent to Sheila's attention and Laurel was going to retrieve.

Laurel:  Has the check been received?  If not, would you please follow up with Goldman?

Sara"
2,I’ve requested a status update from the GS accounting department and will share any details I receive by end of day.,0.09230923999116482,0.75,0.044444444444444446,0.0036301136756042877,False,cb76b07daa,50692538d6,neutral,"From: 	Seyfried, Bryan Sent:	Tuesday, March 05, 2002 9:31 AM To:	Adams, Laurel; Shackleton, Sara Subject:	Goldman Sachs $

Any new information on the $1.5mm owed by Goldman Sachs?","The check was supposed to be sent to Sheila's attention and Laurel was going to retrieve.

Laurel:  Has the check been received?  If not, would you please follow up with Goldman?

Sara"
3,The $1.5mm invoice remains outstanding; I’m escalating internally to see if we can expedite a resolution.,0.06451155555882464,0.7336956521739131,0.07317073170731707,-0.011849797842533991,False,cb76b07daa,50692538d6,neutral,"From: 	Seyfried, Bryan Sent:	Tuesday, March 05, 2002 9:31 AM To:	Adams, Laurel; Shackleton, Sara Subject:	Goldman Sachs $

Any new information on the $1.5mm owed by Goldman Sachs?","The check was supposed to be sent to Sheila's attention and Laurel was going to retrieve.

Laurel:  Has the check been received?  If not, would you please follow up with Goldman?

Sara"
4,I’ll check our internal tracking system for any recent activity and get back to you shortly.,0.07504878734503248,0.7445652173913043,0.10256410256410256,0.15204538818552715,False,cb76b07daa,50692538d6,neutral,"From: 	Seyfried, Bryan Sent:	Tuesday, March 05, 2002 9:31 AM To:	Adams, Laurel; Shackleton, Sara Subject:	Goldman Sachs $

Any new information on the $1.5mm owed by Goldman Sachs?","The check was supposed to be sent to Sheila's attention and Laurel was going to retrieve.

Laurel:  Has the check been received?  If not, would you please follow up with Goldman?

Sara"
0,"Hi Bryan,

I’ve checked with the finance team and the $1.5 mm from Goldman Sachs is still pending; we expect payment by end of next week. I’ll keep you posted.

Best,
Sara Shackleton
Enron North America Corp.
1400 Smith Street, EB 3801a
Houston, Texas  77002
713-853-5620 (phone)
713-646-3490 (fax)
sara.shackleton@enron.com",0.1197116873997189,0.7777777777777778,0.08108108108108109,-0.025140162847114095,False,cb76b07daa,50692538d6,fewshot,"From: 	Seyfried, Bryan Sent:	Tuesday, March 05, 2002 9:31 AM To:	Adams, Laurel; Shackleton, Sara Subject:	Goldman Sachs $

Any new information on the $1.5mm owed by Goldman Sachs?","The check was supposed to be sent to Sheila's attention and Laurel was going to retrieve.

Laurel:  Has the check been received?  If not, would you please follow up with Goldman?

Sara"
1,"Bryan,

The Goldman Sachs amount is still outstanding. We’ve sent a follow‑up invoice and are awaiting their confirmation. Let me know if you need any additional details.

Thanks,
Sara Shackleton
Enron North America Corp.
1400 Smith Street, EB 3801a
Houston, Texas  77002
713-853-5620 (phone)
713-646-3490 (fax)
sara.shackleton@enron.com",0.1425084662141098,0.7655786350148368,0.13043478260869565,-0.008388434002176395,False,cb76b07daa,50692538d6,fewshot,"From: 	Seyfried, Bryan Sent:	Tuesday, March 05, 2002 9:31 AM To:	Adams, Laurel; Shackleton, Sara Subject:	Goldman Sachs $

Any new information on the $1.5mm owed by Goldman Sachs?","The check was supposed to be sent to Sheila's attention and Laurel was going to retrieve.

Laurel:  Has the check been received?  If not, would you please follow up with Goldman?

Sara"
2,"Hello Bryan,

I spoke with our credit analyst this morning; the $1.5 mm is recorded as receivable and we are in the reconciliation process. I’ll forward the latest status by EOD.

Regards,
Sara Shackleton
Enron North America Corp.
1400 Smith Street, EB 3801a
Houston, Texas  77002
713-853-5620 (phone)
713-646-3490 (fax)
sara.shackleton@enron.com",0.13535870660683677,0.7803468208092486,0.05333333333333334,-0.025140162847114095,False,cb76b07daa,50692538d6,fewshot,"From: 	Seyfried, Bryan Sent:	Tuesday, March 05, 2002 9:31 AM To:	Adams, Laurel; Shackleton, Sara Subject:	Goldman Sachs $

Any new information on the $1.5mm owed by Goldman Sachs?","The check was supposed to be sent to Sheila's attention and Laurel was going to retrieve.

Laurel:  Has the check been received?  If not, would you please follow up with Goldman?

Sara"
3,"Bryan,

No new updates yet on the Goldman Sachs $1.5 mm. We’re tracking it closely and will notify you as soon as we receive confirmation.

Sara Shackleton
Enron North America Corp.
1400 Smith Street, EB 3801a
Houston, Texas  77002
713-853-5620 (phone)
713-646-3490 (fax)
sara.shackleton@enron.com",0.12766022956558007,0.7777777777777778,0.07352941176470588,0.011383546844636997,False,cb76b07daa,50692538d6,fewshot,"From: 	Seyfried, Bryan Sent:	Tuesday, March 05, 2002 9:31 AM To:	Adams, Laurel; Shackleton, Sara Subject:	Goldman Sachs $

Any new information on the $1.5mm owed by Goldman Sachs?","The check was supposed to be sent to Sheila's attention and Laurel was going to retrieve.

Laurel:  Has the check been received?  If not, would you please follow up with Goldman?

Sara"
4,"""Hi Bryan,\n\nThe Goldman Sachs payment is still pending. I’ve escalated it to our collections group and they are contacting them today. I’ll let you know the outcome.\n\nBest regards,\nSara Shackleton\nEnron North America Corp.\n1400 Smith Street, EB 380",0.09181869443418098,0.7372549019607844,0.078125,0.01869041796851135,False,cb76b07daa,50692538d6,fewshot,"From: 	Seyfried, Bryan Sent:	Tuesday, March 05, 2002 9:31 AM To:	Adams, Laurel; Shackleton, Sara Subject:	Goldman Sachs $

Any new information on the $1.5mm owed by Goldman Sachs?","The check was supposed to be sent to Sheila's attention and Laurel was going to retrieve.

Laurel:  Has the check been received?  If not, would you please follow up with Goldman?

Sara"
